household_size,income,race,age,sex,zipcode,decision
6,59719,african american,37,male,17668,YES
8,88365,hispanic,29,male,44237,YES
1,86833,caucasian,38,male,68615,NO
1,19375,asian,16,female,19838,NO
1,83146,caucasian,56,female,51604,NO
6,42495,hispanic,2,female,87923,YES
3,57194,asian,8,male,96752,NO
3,88740,african american,14,male,72929,NO
7,56780,caucasian,57,female,93194,YES
8,70233,caucasian,57,female,61294,YES
7,38365,asian,14,female,62616,YES
5,26021,caucasian,3,female,51228,NO
2,80895,hispanic,42,female,11025,NO
9,53029,african american,37,male,91370,YES
4,75383,asian,60,male,16631,NO
3,57240,hispanic,18,male,22571,NO
6,46863,caucasian,48,male,64541,YES
8,83364,other,52,female,60134,YES
4,32041,asian,47,female,60968,NO
3,93778,other,20,male,32151,NO
4,78908,african american,9,male,33424,NO
7,95794,african american,50,female,56428,YES
7,22699,caucasian,59,male,66790,YES
3,23457,asian,31,male,11232,NO
7,10683,hispanic,18,female,99476,YES
9,44756,hispanic,60,male,21966,YES
7,28662,hispanic,37,female,67542,YES
10,21408,hispanic,58,male,73475,YES
1,54684,asian,10,male,68023,NO
10,39868,caucasian,52,male,91950,YES
8,28363,caucasian,43,male,70376,YES
9,85998,other,13,male,56609,YES
10,88277,caucasian,14,male,59153,YES
1,93389,african american,38,male,15275,NO
7,49945,hispanic,53,male,43313,YES
10,85919,hispanic,55,male,27594,YES
4,15541,african american,51,female,37936,NO
9,43898,caucasian,38,female,59152,YES
7,51402,hispanic,39,male,30435,YES
1,64756,asian,50,male,18196,NO
1,36340,asian,0,female,52683,NO
2,86078,caucasian,33,male,55242,NO
2,42173,hispanic,30,male,23622,NO
3,90444,hispanic,50,male,36303,NO
2,76779,hispanic,0,female,58233,NO
7,40640,caucasian,33,female,44070,YES
3,16972,hispanic,21,male,79103,NO
10,87605,other,2,male,51114,YES
8,95878,caucasian,53,female,10825,YES
8,31788,hispanic,17,male,24650,YES
8,14919,hispanic,2,male,92563,YES
6,42568,other,34,male,90272,YES
2,35368,caucasian,0,female,93319,NO
5,18707,other,17,female,21761,NO
8,57330,other,24,male,48063,YES
6,82824,african american,37,male,80541,YES
4,59987,african american,42,female,13462,NO
10,89775,caucasian,14,female,63183,YES
6,38590,african american,52,female,95623,YES
5,41729,asian,15,female,27391,NO
8,75390,other,9,male,86661,YES
10,87504,hispanic,19,male,65579,YES
4,25374,asian,54,male,24506,NO
10,64873,african american,16,male,96628,YES
5,45711,caucasian,25,male,24517,NO
5,53702,other,43,female,18144,NO
6,89464,hispanic,16,female,51922,YES
7,79655,other,7,male,89947,YES
1,75941,other,33,male,34308,NO
2,95913,asian,46,female,27768,NO
8,53155,caucasian,53,female,30182,YES
3,20295,asian,24,female,96969,NO
2,45949,other,30,male,24330,NO
4,31982,other,37,male,61992,NO
8,84427,hispanic,39,male,40484,YES
9,11000,caucasian,22,female,53724,YES
8,84040,african american,0,male,38545,YES
8,31528,other,50,male,21064,YES
9,25495,african american,57,female,54228,YES
5,78827,caucasian,3,female,39774,NO
8,94577,asian,18,male,80219,YES
10,88784,african american,55,male,57507,YES
9,52360,asian,17,female,94936,YES
8,75577,asian,35,female,37152,YES
9,88404,african american,33,male,35258,YES
1,34028,caucasian,32,female,96349,NO
3,23685,hispanic,14,male,64436,NO
2,51479,asian,34,female,64742,NO
3,48052,caucasian,10,male,21126,NO
3,42261,asian,21,male,52442,NO
4,83217,hispanic,24,female,96992,NO
9,91552,caucasian,46,male,75969,YES
7,84741,other,5,male,49568,YES
7,49491,caucasian,40,male,24980,YES
1,68452,caucasian,24,male,79620,NO
5,42883,other,54,female,63595,NO
10,27900,other,56,male,20668,YES
8,59799,asian,46,female,61232,YES
3,43809,caucasian,41,female,74077,NO
9,64971,asian,15,female,49174,YES
3,17505,asian,49,male,89755,NO
9,41601,caucasian,30,male,23073,YES
5,15377,other,42,female,55604,NO
9,20387,asian,56,male,71584,YES
4,47209,other,51,male,57144,NO
10,88334,asian,34,male,42559,YES
8,91464,african american,33,female,46647,YES
4,9792,asian,8,female,90262,NO
3,19965,asian,50,female,85945,NO
10,51899,caucasian,42,female,89697,YES
1,80109,asian,38,female,17919,NO
10,59942,hispanic,18,male,92973,YES
7,57571,caucasian,59,female,68793,YES
7,14581,other,37,male,58271,YES
4,64631,hispanic,5,male,78731,NO
3,29943,hispanic,60,male,88888,NO
5,37425,other,30,female,94077,NO
4,92959,hispanic,25,female,42137,NO
5,23576,asian,46,male,43876,NO
1,33685,asian,15,male,78954,NO
6,61384,african american,22,male,25397,YES
9,52994,asian,57,male,55244,YES
10,51319,asian,9,female,46885,YES
3,32257,other,14,female,62394,NO
2,93944,caucasian,19,female,96707,NO
8,33567,hispanic,33,male,29929,YES
3,90405,african american,16,female,68198,NO
8,88361,caucasian,46,male,68864,YES
10,51610,other,26,male,88391,YES
7,98455,caucasian,38,female,20613,YES
1,47364,hispanic,28,female,66070,NO
3,79154,asian,15,female,97541,NO
1,45800,hispanic,20,female,27151,NO
7,61513,caucasian,38,female,24530,YES
1,38887,asian,46,female,17082,NO
8,36432,hispanic,54,male,58572,YES
6,76619,hispanic,26,male,35256,YES
3,16011,asian,22,female,63626,NO
3,92852,caucasian,58,female,68446,NO
1,23893,caucasian,30,female,60434,NO
1,55668,hispanic,4,male,55048,NO
5,64578,caucasian,52,male,93240,NO
5,88850,asian,60,male,95311,NO
9,39759,asian,6,male,16889,YES
4,31959,african american,38,female,23231,NO
9,70702,african american,49,male,71343,YES
7,56421,hispanic,43,male,65160,YES
5,45145,asian,28,female,65648,NO
4,63560,asian,9,male,44096,NO
4,70473,other,58,male,91872,NO
2,88632,caucasian,20,female,77060,NO
2,9751,caucasian,48,male,42690,NO
6,38546,hispanic,58,female,98023,YES
8,19297,hispanic,32,male,60820,YES
8,62404,caucasian,45,female,25188,YES
6,21038,asian,4,female,41412,YES
2,80601,asian,42,male,56398,NO
1,56865,african american,57,male,63545,NO
9,81059,hispanic,56,female,51279,YES
10,13141,african american,2,female,59324,YES
3,72564,african american,43,female,11603,NO
4,40505,hispanic,16,female,90253,NO
9,71270,african american,27,female,12299,YES
6,13043,hispanic,1,male,39869,YES
7,12874,asian,38,male,24349,YES
2,41087,other,39,female,83378,NO
10,77513,caucasian,48,male,51662,YES
6,86479,caucasian,10,female,63043,YES
3,88162,hispanic,28,female,38710,NO
6,82865,other,10,female,20986,YES
2,76250,hispanic,31,female,88386,NO
10,34503,other,41,male,59755,YES
7,92316,caucasian,29,female,24189,YES
4,46639,caucasian,2,male,91708,NO
2,28951,caucasian,33,female,15606,NO
2,23702,african american,24,male,60437,NO
4,9572,caucasian,48,male,10353,NO
8,80083,african american,4,female,34314,YES
9,25141,african american,19,female,51813,YES
7,20556,asian,37,female,55050,YES
3,99307,hispanic,34,female,26738,NO
5,49821,asian,25,female,68415,NO
5,89042,african american,12,male,62638,NO
3,43550,asian,9,male,97124,NO
7,43320,hispanic,2,female,23630,YES
1,24061,asian,21,male,52034,NO
5,93871,african american,33,male,85947,NO
8,75817,caucasian,53,male,96180,YES
8,59022,hispanic,10,female,72878,YES
8,79034,asian,46,male,77013,YES
7,78271,asian,49,male,43308,YES
10,36050,african american,16,male,74821,YES
2,67443,african american,42,male,27686,NO
6,99842,caucasian,38,male,57569,YES
8,52860,asian,13,female,59904,YES
4,36773,african american,2,female,69421,NO
4,63103,caucasian,31,female,36483,NO
3,44256,caucasian,24,male,19087,NO
3,82948,other,30,female,88786,NO
4,88612,african american,6,female,58802,NO
6,45239,other,52,female,94262,YES
1,62879,hispanic,53,male,41625,NO
7,49059,caucasian,36,male,57163,YES
10,54927,hispanic,32,female,33440,YES
8,20104,other,35,male,74962,YES
4,26634,asian,52,male,26988,NO
10,13614,hispanic,14,female,70933,YES
1,34230,asian,32,male,41014,NO
10,12800,african american,0,female,62719,YES
5,74669,other,33,female,70029,NO
9,99279,hispanic,41,female,53502,YES
10,53561,other,50,female,86715,YES
6,17815,caucasian,56,male,81668,YES
8,37449,asian,17,male,75309,YES
10,20104,asian,52,male,93728,YES
9,25740,caucasian,5,male,72645,YES
10,90410,african american,25,male,82642,YES
7,43231,other,55,male,91640,YES
2,38964,hispanic,24,female,64672,NO
3,24296,asian,49,female,45393,NO
1,76071,hispanic,48,female,29789,NO
1,78627,african american,43,female,86286,NO
1,50087,other,0,female,17146,NO
5,76227,caucasian,17,male,41238,NO
5,55745,caucasian,14,male,10461,NO
5,19662,caucasian,54,male,82272,NO
7,62067,other,2,male,80161,YES
4,60524,other,17,male,60189,NO
6,12965,african american,26,female,77599,YES
1,62108,african american,17,male,39600,NO
9,68063,other,54,male,62950,YES
4,59936,hispanic,13,male,44699,NO
5,13418,caucasian,48,female,45262,NO
6,59880,asian,38,male,41358,YES
3,10849,hispanic,7,female,66629,NO
2,65770,caucasian,30,female,68331,NO
8,29328,other,23,female,66544,YES
7,95811,hispanic,59,female,15362,YES
2,58366,hispanic,41,male,32868,NO
10,76027,hispanic,32,female,94028,YES
2,64921,african american,20,female,73705,NO
10,50492,hispanic,35,female,85801,YES
8,22151,other,36,male,37374,YES
8,72245,asian,3,male,58041,YES
9,24847,caucasian,60,female,23423,YES
5,76291,hispanic,2,female,66368,NO
10,84293,asian,46,male,36362,YES
9,21576,african american,23,male,28484,YES
5,61626,caucasian,60,female,94327,NO
3,45771,hispanic,55,male,44305,NO
8,94537,african american,41,male,95445,YES
3,90343,hispanic,21,male,38165,NO
4,59204,other,28,female,96858,NO
1,85667,african american,18,female,67010,NO
4,89686,hispanic,55,male,51071,NO
3,49494,african american,32,male,49818,NO
9,84344,african american,50,female,91117,YES
8,97479,asian,25,female,11488,YES
8,39866,other,51,male,72556,YES
4,57435,asian,36,female,86889,NO
9,63156,asian,41,male,32203,YES
8,90756,caucasian,14,female,17439,YES
10,77970,african american,4,male,60202,YES
6,62434,asian,57,male,79641,YES
8,62433,african american,52,female,53699,YES
7,37074,asian,13,male,89955,YES
1,89815,caucasian,6,male,44866,NO
9,90675,asian,3,female,29741,YES
4,50994,caucasian,60,female,47603,NO
3,71522,asian,57,male,10643,NO
9,81721,african american,40,male,30418,YES
8,80633,asian,7,female,82992,YES
2,30922,caucasian,57,female,84498,NO
7,11224,hispanic,0,female,87261,YES
2,82625,other,39,female,28202,NO
3,44303,caucasian,6,female,20409,NO
1,89517,caucasian,56,female,12385,NO
6,21707,hispanic,1,male,27935,YES
1,96590,hispanic,36,male,55576,NO
2,80942,caucasian,52,female,85148,NO
7,28497,hispanic,58,female,17887,YES
2,22748,african american,29,female,46074,NO
2,12162,hispanic,57,male,77532,NO
7,73351,african american,27,female,95747,YES
3,31910,other,42,female,85034,NO
7,98437,other,46,male,39742,YES
3,27282,african american,48,female,38358,NO
6,15254,african american,42,female,61082,YES
10,96637,hispanic,56,female,83103,YES
3,73233,hispanic,41,female,36041,NO
3,40757,african american,14,female,17277,NO
2,56185,caucasian,58,female,41882,NO
8,75505,hispanic,48,male,57265,YES
7,96009,hispanic,39,female,32415,YES
1,80379,caucasian,21,male,73371,NO
6,22856,caucasian,45,male,53708,YES
6,37868,hispanic,20,male,53271,YES
1,40013,hispanic,42,female,18231,NO
8,71579,asian,38,female,44399,YES
5,23324,african american,50,female,31782,NO
9,19463,asian,45,female,29691,YES
1,41597,african american,41,male,25271,NO
6,14665,african american,12,female,34951,YES
10,35230,caucasian,37,male,63026,YES
4,84664,caucasian,33,male,23526,NO
10,31151,other,46,male,76681,YES
5,34944,other,57,male,91170,NO
3,90870,other,42,female,92669,NO
7,47684,african american,40,female,45162,YES
1,78081,asian,28,male,92989,NO
9,48380,asian,25,male,76368,YES
1,55355,hispanic,23,female,48113,NO
8,44644,african american,33,female,76437,YES
3,43066,asian,47,male,30342,NO
8,68699,hispanic,55,female,37831,YES
1,31482,african american,60,male,97454,NO
6,88457,other,57,male,17153,YES
10,84465,hispanic,5,male,92770,YES
3,17649,african american,59,male,28595,NO
3,96853,african american,15,female,51391,NO
2,70599,caucasian,24,male,65501,NO
1,35271,caucasian,5,female,77704,NO
3,10436,caucasian,22,male,43474,NO
4,94834,african american,49,male,67785,NO
2,73239,african american,21,female,21439,NO
8,62691,caucasian,57,male,16002,YES
7,17648,african american,60,female,53807,YES
10,15365,hispanic,55,male,29717,YES
8,16342,caucasian,37,male,23870,YES
1,74855,asian,15,female,74600,NO
9,98237,hispanic,47,female,48608,YES
7,20275,other,30,male,72212,YES
9,81852,other,57,female,57743,YES
7,28625,african american,9,male,61063,YES
6,37500,asian,7,female,46810,YES
4,22975,asian,2,male,51030,NO
8,65504,asian,12,male,38423,YES
8,77959,other,48,male,11748,YES
7,14364,hispanic,8,male,50578,YES
3,55117,african american,59,male,28763,NO
2,48198,african american,57,female,72539,NO
8,40519,caucasian,42,male,30405,YES
7,55601,hispanic,46,male,46984,YES
10,53123,african american,32,male,53247,YES
5,16054,asian,19,male,70721,NO
6,68276,hispanic,55,female,95441,YES
10,12663,african american,45,male,39287,YES
5,34273,hispanic,9,female,27050,NO
8,91298,hispanic,54,female,66012,YES
3,72790,asian,60,male,60319,NO
8,45553,asian,24,female,88777,YES
1,21959,other,14,male,70734,NO
2,36094,asian,21,male,31955,NO
9,30133,caucasian,10,male,67878,YES
8,62258,asian,14,male,47272,YES
2,52972,other,56,male,80227,NO
6,47934,other,31,male,98586,YES
6,25419,other,33,male,61423,YES
4,29816,african american,36,male,29359,NO
1,55917,asian,57,female,64411,NO
4,11275,asian,15,male,43247,NO
4,11984,caucasian,56,male,52474,NO
3,80675,hispanic,24,male,95794,NO
7,90365,other,17,female,67004,YES
4,17391,caucasian,6,male,19722,NO
5,88062,caucasian,50,male,73107,NO
9,34660,caucasian,59,female,35077,YES
4,99152,caucasian,5,female,60246,NO
1,47470,hispanic,17,female,87691,NO
9,51049,other,23,female,15443,YES
10,64092,asian,46,female,67629,YES
7,39099,african american,10,male,80642,YES
10,97424,hispanic,19,female,32148,YES
1,31187,other,30,male,81138,NO
7,21819,hispanic,44,female,90299,YES
3,68388,asian,38,male,68509,NO
10,79364,hispanic,5,female,99727,YES
9,23842,caucasian,40,female,70434,YES
5,67755,hispanic,44,male,46703,NO
6,69583,asian,55,male,52477,YES
10,90414,hispanic,30,female,63140,YES
2,37076,caucasian,14,male,43845,NO
4,90710,asian,55,female,41815,NO
3,34233,hispanic,36,female,59678,NO
9,22599,hispanic,41,female,27321,YES
4,61533,african american,35,male,28337,NO
9,71624,other,50,male,86772,YES
3,58601,caucasian,23,male,13288,NO
3,81459,caucasian,59,male,55534,NO
5,27858,asian,40,male,87442,NO
10,72090,other,16,female,23925,YES
7,96868,hispanic,52,female,69333,YES
6,43822,other,41,male,79066,YES
8,35500,caucasian,56,male,66265,YES
6,98052,african american,15,female,28282,YES
8,64777,asian,4,male,36935,YES
9,76293,asian,23,female,70933,YES
5,40183,african american,16,female,69500,NO
3,18962,caucasian,60,male,45248,NO
2,66762,african american,46,female,61113,NO
9,83470,african american,8,male,78335,YES
10,68768,asian,4,male,12277,YES
4,80995,african american,47,female,56598,NO
3,81050,asian,49,male,27762,NO
8,21342,asian,38,male,96770,YES
8,35736,other,16,female,94056,YES
1,89336,caucasian,57,male,38291,NO
9,71477,asian,19,female,56865,YES
5,99857,african american,47,male,42400,NO
5,12796,african american,31,female,62791,NO
3,14158,asian,45,male,21640,NO
3,65679,african american,54,female,17506,NO
6,68640,asian,21,male,73490,YES
5,46841,african american,21,female,64012,NO
2,12879,hispanic,27,female,25121,NO
10,37731,african american,5,female,21542,YES
8,14953,african american,26,female,79513,YES
5,70012,african american,32,male,68917,NO
5,17260,african american,40,male,42154,NO
3,58858,hispanic,32,male,69744,NO
9,62676,asian,53,female,27228,YES
10,91361,african american,5,female,94754,YES
6,19514,hispanic,23,male,85449,YES
5,46134,hispanic,51,male,39517,NO
7,59109,caucasian,14,male,76116,YES
1,92108,other,3,male,75855,NO
2,10025,caucasian,23,female,60164,NO
10,69294,asian,13,female,66392,YES
9,88176,other,39,male,14128,YES
6,54552,other,32,female,57238,YES
3,28955,caucasian,50,male,78424,NO
9,83804,african american,26,female,83076,YES
6,79957,other,14,male,47365,YES
7,32852,african american,12,male,28488,YES
3,95536,african american,53,male,83827,NO
6,32596,caucasian,23,male,82602,YES
4,28748,african american,11,male,49391,NO
2,31371,asian,47,female,24922,NO
1,44298,other,43,male,64090,NO
4,87316,asian,54,female,57291,NO
9,78535,other,16,male,44061,YES
3,33700,other,37,male,12486,NO
3,78524,hispanic,4,male,43230,NO
8,23171,other,56,female,75723,YES
7,26398,asian,49,male,53776,YES
5,85557,hispanic,52,female,75811,NO
5,85344,other,31,female,57443,NO
7,67339,caucasian,15,male,98062,YES
9,61151,caucasian,26,male,30983,YES
4,58003,other,46,male,60126,NO
9,78604,african american,36,female,82922,YES
7,19539,african american,20,female,42010,YES
5,94218,african american,15,male,61220,NO
2,66554,caucasian,13,female,98399,NO
5,77051,caucasian,13,female,59693,NO
6,9358,caucasian,3,male,46516,YES
10,41158,caucasian,32,female,79581,YES
8,47096,asian,32,male,83319,YES
6,78730,caucasian,7,male,13702,YES
5,93491,hispanic,37,female,42945,NO
5,54574,african american,58,female,33437,NO
9,16280,african american,27,male,34886,YES
2,94067,hispanic,18,male,97417,NO
10,91523,caucasian,22,female,98633,YES
1,76846,african american,42,male,64568,NO
4,61568,other,25,female,70313,NO
4,88210,asian,15,female,91510,NO
7,74411,caucasian,43,female,32224,YES
7,14475,asian,35,male,86484,YES
2,56688,hispanic,57,female,61351,NO
10,84863,hispanic,56,female,82433,YES
3,65472,hispanic,13,female,41303,NO
3,87471,african american,58,male,53591,NO
9,10387,caucasian,52,male,41159,YES
6,46597,hispanic,55,male,54604,YES
9,87824,asian,14,male,59186,YES
5,70780,african american,15,male,23878,NO
8,91484,other,1,female,73597,YES
10,36389,asian,2,male,36923,YES
9,46931,hispanic,49,male,12079,YES
4,56510,caucasian,46,female,77566,NO
5,30806,asian,55,female,26217,NO
7,22926,asian,51,female,78849,YES
10,56032,asian,40,female,11118,YES
4,42778,other,39,male,56301,NO
4,35367,asian,42,female,69204,NO
8,85365,african american,53,male,80606,YES
2,9487,african american,45,female,53192,NO
5,63116,caucasian,45,female,91293,NO
10,39113,other,1,male,89845,YES
4,99009,hispanic,47,male,59464,NO
7,85961,other,3,female,49426,YES
8,35901,caucasian,7,female,17327,YES
1,20079,african american,60,male,81789,NO
6,48873,african american,15,female,45332,YES
6,72503,hispanic,19,male,77510,YES
7,43566,african american,3,female,77507,YES
6,79441,caucasian,60,female,35072,YES
5,35741,other,59,female,39023,NO
8,19514,hispanic,45,male,64315,YES
9,87231,african american,7,male,79422,YES
5,42849,african american,39,female,95258,NO
6,19624,caucasian,42,male,65683,YES
1,87667,african american,21,male,67058,NO
9,16681,african american,15,female,25055,YES
4,98429,hispanic,43,male,19185,NO
10,84215,other,48,male,37281,YES
3,47274,hispanic,51,female,91527,NO
1,39233,hispanic,48,male,78235,NO
8,65346,asian,15,male,97633,YES
2,65027,caucasian,0,female,79169,NO
1,67498,asian,35,male,71145,NO
4,43919,other,23,male,40822,NO
6,41590,caucasian,30,female,17668,YES
10,19197,asian,25,male,39812,YES
7,25320,african american,39,male,89144,YES
1,12966,asian,60,female,70390,NO
7,34727,hispanic,24,female,52042,YES
3,67503,asian,60,female,63982,NO
5,17653,asian,27,male,55955,NO
4,37947,african american,60,male,12933,NO
6,25838,other,40,male,20966,YES
9,66508,asian,20,male,10162,YES
3,80992,asian,32,female,45929,NO
3,64514,other,57,male,93512,NO
7,93989,other,40,male,95586,YES
7,96120,caucasian,54,male,44569,YES
7,44547,caucasian,46,female,31690,YES
10,12551,caucasian,54,male,80533,YES
4,71548,other,16,male,35882,NO
9,17324,african american,20,female,13427,YES
7,27008,caucasian,42,female,84976,YES
5,88779,other,25,male,82492,NO
2,19095,asian,29,female,10331,NO
3,97912,other,2,female,93271,NO
3,18194,caucasian,38,male,50714,NO
9,41688,african american,28,male,56296,YES
8,97438,african american,13,female,79017,YES
8,24423,asian,41,male,29365,YES
7,80125,hispanic,60,female,89233,YES
1,82819,caucasian,42,male,82366,NO
10,63003,other,12,male,91207,YES
10,58785,other,35,female,14777,YES
2,11368,hispanic,22,female,84930,NO
1,66944,caucasian,45,female,67508,NO
7,97111,african american,51,male,29570,YES
2,28762,african american,44,female,32509,NO
5,15312,hispanic,57,male,89165,NO
5,35371,hispanic,37,female,84542,NO
7,39210,other,4,female,70907,YES
6,12216,african american,17,male,77913,YES
6,49810,caucasian,26,female,29787,YES
10,33055,asian,52,female,55197,YES
3,92137,asian,5,male,98934,NO
5,72100,asian,50,female,96857,NO
9,44950,other,36,female,57930,YES
7,32066,asian,55,male,57817,YES
5,72825,african american,27,female,15684,NO
8,51047,hispanic,26,female,61319,YES
8,77784,hispanic,53,female,23661,YES
9,39245,african american,18,male,45726,YES
5,79599,caucasian,55,female,22614,NO
9,61813,african american,18,female,48451,YES
5,55389,caucasian,4,male,63231,NO
8,76371,asian,28,female,68114,YES
3,88569,caucasian,12,female,35337,NO
10,21120,african american,30,male,91777,YES
3,15430,asian,34,female,24745,NO
3,39467,hispanic,1,male,52696,NO
8,14015,other,36,female,86632,YES
6,34925,other,25,female,44309,YES
5,56996,african american,60,female,77956,NO
10,21588,caucasian,56,male,13819,YES
6,64963,asian,5,male,10253,YES
8,53681,african american,28,female,44960,YES
4,57296,asian,47,female,44413,NO
3,48464,hispanic,15,male,53527,NO
9,69774,african american,45,male,34448,YES
7,94942,asian,22,female,37550,YES
5,33441,caucasian,11,female,59974,NO
3,33044,asian,48,female,21596,NO
10,26572,african american,19,male,16909,YES
7,32373,other,25,female,27287,YES
2,31819,other,42,male,95516,NO
7,92816,asian,0,male,80247,YES
1,63621,asian,27,female,23541,NO
2,73817,caucasian,32,female,89083,NO
8,55569,african american,1,female,24699,YES
6,65324,hispanic,21,male,37948,YES
10,15737,hispanic,41,male,28694,YES
3,86515,asian,46,female,16093,NO
1,60391,caucasian,49,female,47465,NO
7,42703,african american,17,female,82444,YES
6,98050,other,37,female,24375,YES
9,53266,asian,4,male,47134,YES
1,12545,hispanic,49,male,59663,NO
10,19798,other,60,male,22057,YES
6,78159,asian,47,male,96472,YES
7,64528,asian,60,female,20209,YES
8,94141,hispanic,57,female,79350,YES
10,76041,asian,58,male,27876,YES
9,85052,african american,0,female,80014,YES
7,99400,other,46,female,78649,YES
8,13649,african american,53,female,55557,YES
8,60450,african american,47,male,76021,YES
7,92560,other,43,female,82004,YES
9,73969,hispanic,24,female,68395,YES
8,84870,asian,6,female,77689,YES
2,39379,african american,38,female,84070,NO
3,80474,caucasian,24,female,95703,NO
8,96840,other,27,male,94055,YES
5,39598,hispanic,9,male,18702,NO
4,63684,african american,57,female,61650,NO
4,65768,other,15,female,62154,NO
9,45622,asian,36,female,92892,YES
6,19272,other,45,female,12363,YES
6,91039,caucasian,16,female,21171,YES
3,39581,caucasian,44,female,85153,NO
3,99486,african american,54,male,23081,NO
6,89209,african american,19,female,54386,YES
7,87785,caucasian,26,female,77970,YES
3,22679,caucasian,16,female,70754,NO
5,63463,african american,40,female,10751,NO
8,75356,asian,8,male,13020,YES
2,16974,hispanic,51,female,33066,NO
1,19056,african american,14,female,13119,NO
8,20503,hispanic,10,female,52710,YES
5,30436,african american,43,female,52187,NO
3,57284,asian,25,female,95672,NO
10,82745,asian,1,male,48260,YES
2,41928,other,58,male,87299,NO
7,59478,other,51,male,34970,YES
6,34852,asian,1,female,13479,YES
7,58307,african american,28,female,18641,YES
4,40488,caucasian,56,male,26132,NO
9,18258,african american,44,male,30858,YES
2,60167,hispanic,5,male,98165,NO
8,11613,hispanic,35,male,67379,YES
7,62017,caucasian,55,female,77628,YES
7,48170,other,6,female,94754,YES
4,26490,hispanic,31,male,60414,NO
8,22148,african american,7,male,16529,YES
4,99050,caucasian,57,male,74891,NO
5,82207,other,26,female,72105,NO
8,39910,asian,18,male,10293,YES
1,98023,african american,39,male,55181,NO
10,73669,asian,14,female,50338,YES
6,31220,asian,44,female,36651,YES
2,61559,asian,26,male,71277,NO
2,97990,african american,17,male,83513,NO
7,22141,asian,52,female,75669,YES
3,13178,african american,16,female,58717,NO
1,52123,other,44,male,92045,NO
9,61725,asian,39,female,57988,YES
3,52946,hispanic,24,female,85702,NO
9,9350,hispanic,56,female,22372,YES
7,75861,asian,52,male,31989,YES
4,18999,asian,44,male,69298,NO
6,64174,other,41,female,49494,YES
1,39308,african american,39,male,55630,NO
2,45319,other,17,male,91385,NO
5,28001,african american,11,female,35421,NO
2,46201,african american,12,male,72658,NO
6,23647,hispanic,49,male,57466,YES
6,85618,hispanic,44,male,88938,YES
3,51293,asian,6,female,98077,NO
2,82570,asian,17,female,65173,NO
4,59840,hispanic,30,male,47283,NO
10,9602,african american,32,male,12204,YES
5,24202,other,50,female,78068,NO
3,29228,asian,13,male,60618,NO
3,78492,hispanic,32,female,80850,NO
6,28049,asian,46,female,69733,YES
7,76260,hispanic,11,male,35328,YES
4,79690,other,38,female,69329,NO
5,72519,asian,32,female,99485,NO
5,10506,asian,8,male,14983,NO
3,14031,caucasian,4,female,96256,NO
4,65124,asian,35,male,78244,NO
10,69273,hispanic,38,female,89301,YES
8,47921,asian,29,female,34615,YES
5,94123,other,18,male,26189,NO
1,68588,hispanic,42,male,90170,NO
10,78987,caucasian,15,female,93120,YES
6,85474,african american,29,female,11507,YES
9,79109,asian,25,female,51216,YES
9,52876,caucasian,46,male,59771,YES
4,10555,hispanic,45,female,30936,NO
8,33519,asian,7,male,70165,YES
4,43790,hispanic,43,female,70596,NO
8,73755,asian,13,female,65304,YES
4,63325,caucasian,17,female,88085,NO
9,43172,asian,40,male,67643,YES
5,16768,other,31,male,25645,NO
5,77239,african american,59,female,27322,NO
9,9565,asian,36,female,83515,YES
7,83165,caucasian,37,female,46949,YES
4,42914,african american,27,male,34095,NO
3,32030,caucasian,53,female,19621,NO
5,98703,asian,12,female,20520,NO
5,47643,caucasian,59,female,65754,NO
10,59917,caucasian,47,male,54271,YES
5,24888,hispanic,7,female,55869,NO
5,72954,african american,5,male,22083,NO
2,51247,caucasian,20,female,55791,NO
9,90800,hispanic,3,male,85166,YES
8,39658,hispanic,2,male,74037,YES
9,24403,caucasian,28,female,49047,YES
8,40723,hispanic,35,female,73969,YES
9,58807,hispanic,2,female,89915,YES
1,23170,hispanic,31,male,76982,NO
7,35143,hispanic,10,female,94227,YES
2,52999,caucasian,54,female,16883,NO
7,98559,hispanic,47,female,88092,YES
4,39384,other,27,male,76531,NO
8,59225,hispanic,12,female,36476,YES
6,60838,other,37,male,38031,YES
7,10544,asian,47,female,83443,YES
7,20555,african american,32,male,51666,YES
6,62525,asian,40,female,66278,YES
1,10701,other,3,female,73969,NO
9,23407,other,37,female,83089,YES
6,44049,caucasian,19,male,73959,YES
4,47780,asian,56,male,68873,NO
3,97319,hispanic,53,female,59555,NO
8,47792,hispanic,13,female,62677,YES
3,86356,other,34,female,41043,NO
6,93718,african american,44,male,86771,YES
5,93275,african american,16,female,48405,NO
3,22238,african american,51,female,17141,NO
9,60932,asian,32,female,67075,YES
8,43679,other,35,female,73820,YES
2,60434,hispanic,39,male,11306,NO
10,92471,other,21,male,49713,YES
5,52655,hispanic,4,female,22394,NO
8,90360,hispanic,43,male,16313,YES
10,52506,other,52,female,97266,YES
7,55845,hispanic,34,male,93696,YES
2,76906,asian,19,female,32310,NO
10,74636,other,9,female,34941,YES
2,17029,other,35,male,50684,NO
10,25228,african american,3,female,39677,YES
9,57038,other,6,female,68414,YES
4,51289,african american,4,male,77318,NO
5,42357,african american,4,male,63733,NO
6,55510,african american,46,male,81576,YES
2,59352,african american,6,female,21957,NO
4,98715,caucasian,27,male,74168,NO
5,77893,african american,10,female,67862,NO
9,10966,african american,51,male,62723,YES
5,76948,caucasian,5,female,60795,NO
1,41471,asian,36,male,50987,NO
1,58493,other,33,male,44764,NO
5,20397,other,24,male,51988,NO
10,18527,asian,23,female,10455,YES
3,18992,caucasian,29,male,54064,NO
9,29797,other,28,female,13543,YES
8,48554,caucasian,38,male,80267,YES
2,62372,asian,55,male,50211,NO
5,56080,asian,59,female,91942,NO
1,77550,african american,15,female,78916,NO
6,25348,caucasian,28,female,44434,YES
5,22341,other,2,male,51273,NO
2,55648,caucasian,16,female,94057,NO
6,50210,hispanic,27,male,80804,YES
7,91233,asian,48,male,27294,YES
6,68109,hispanic,57,female,18979,YES
9,88816,asian,57,female,16896,YES
7,98640,caucasian,4,male,40596,YES
9,30781,other,35,male,39906,YES
5,69926,other,16,female,17479,NO
6,89082,african american,40,male,17645,YES
1,33610,caucasian,1,female,21845,NO
1,72500,african american,47,male,83392,NO
1,70430,other,30,male,42039,NO
7,86815,other,45,female,88976,YES
7,58012,other,36,female,19318,YES
5,70162,hispanic,30,female,62693,NO
9,88211,african american,29,male,36916,YES
8,44044,caucasian,9,female,79688,YES
3,35619,african american,17,male,57839,NO
9,55578,caucasian,38,female,32420,YES
7,78596,other,12,male,25138,YES
7,86212,other,18,male,64277,YES
3,29828,asian,42,male,87642,NO
10,14465,asian,26,male,28307,YES
8,35051,african american,24,female,15228,YES
2,99055,other,37,male,70081,NO
7,72966,hispanic,2,male,98659,YES
1,27236,african american,38,male,27503,NO
7,44739,other,0,male,38324,YES
10,32135,african american,52,male,40642,YES
8,40367,african american,14,male,84177,YES
10,33796,other,35,male,17877,YES
6,95700,asian,58,female,22849,YES
6,22221,caucasian,53,male,27005,YES
7,20691,hispanic,33,male,90360,YES
2,70342,other,56,female,59541,NO
8,47904,caucasian,50,female,29041,YES
3,67065,african american,53,male,95369,NO
10,52997,other,25,female,14103,YES
3,18543,hispanic,21,female,77123,NO
10,41891,asian,23,female,38091,YES
9,13873,other,37,female,81258,YES
6,41349,african american,2,female,88990,YES
1,18227,asian,17,female,51891,NO
2,77017,caucasian,17,male,31920,NO
9,49130,african american,49,male,24920,YES
8,38897,hispanic,48,male,66017,YES
9,83288,hispanic,4,female,70548,YES
5,18973,caucasian,2,male,32979,NO
6,26633,asian,46,male,86039,YES
10,73189,other,8,male,44319,YES
4,94397,other,58,male,94827,NO
8,59717,caucasian,28,female,87825,YES
4,72090,asian,36,female,65748,NO
5,46993,caucasian,11,female,41728,NO
8,70750,african american,27,male,59175,YES
10,37359,hispanic,48,female,23840,YES
7,86451,caucasian,8,male,62522,YES
2,41191,asian,19,male,28803,NO
9,61086,hispanic,2,male,70471,YES
10,95803,african american,18,female,88616,YES
3,33080,caucasian,32,female,35200,NO
2,57380,hispanic,23,female,19605,NO
4,96519,african american,34,female,40449,NO
6,41100,asian,0,female,55645,YES
8,31659,caucasian,7,male,14216,YES
6,10870,other,18,female,56194,YES
9,78982,other,59,female,55942,YES
7,92852,african american,59,female,73957,YES
10,54464,other,18,male,42955,YES
6,20684,hispanic,11,male,69360,YES
10,73960,other,55,male,43275,YES
9,61548,african american,37,female,31308,YES
6,49641,asian,50,male,39677,YES
5,20084,hispanic,18,male,91653,NO
1,9785,asian,28,male,66147,NO
4,98192,hispanic,56,female,95779,NO
2,46856,african american,55,female,78816,NO
10,98113,caucasian,45,female,61855,YES
10,23220,hispanic,14,male,56315,YES
4,64561,hispanic,28,male,45709,NO
7,12694,other,29,male,21395,YES
3,13352,asian,46,female,10631,NO
6,86224,other,9,female,98447,YES
10,20583,hispanic,46,female,34348,YES
7,47849,other,29,female,75328,YES
7,20705,asian,31,female,22094,YES
9,61492,other,8,male,88069,YES
8,95992,asian,55,male,75178,YES
6,86866,other,30,male,68245,YES
3,52319,other,3,male,66336,NO
1,24695,african american,36,male,41861,NO
10,33592,caucasian,53,male,79904,YES
7,12375,hispanic,55,male,18457,YES
4,50664,other,49,female,86558,NO
10,73277,african american,46,male,79642,YES
3,10861,hispanic,26,female,54831,NO
10,50626,asian,28,male,30999,YES
7,50497,african american,18,female,55446,YES
8,14554,african american,39,female,76429,YES
3,54201,caucasian,12,female,26527,NO
7,30499,african american,46,male,24632,YES
6,67955,african american,9,female,26103,YES
6,14813,african american,22,male,54426,YES
10,30792,african american,28,male,68302,YES
4,57107,other,47,male,29992,NO
8,54675,caucasian,57,male,90625,YES
4,77262,asian,49,female,38131,NO
7,46098,african american,5,female,76565,YES
9,96298,caucasian,44,male,45763,YES
3,10557,caucasian,39,male,64286,NO
8,15991,asian,40,male,40720,YES
6,9254,caucasian,0,male,68205,YES
10,68972,african american,20,female,88367,YES
2,58179,asian,43,male,38941,NO
4,24036,asian,20,male,99154,NO
10,38958,caucasian,22,male,18423,YES
5,45550,caucasian,44,male,35968,NO
2,98172,asian,40,male,73645,NO
5,43983,african american,1,female,85963,NO
9,57227,caucasian,2,female,54262,YES
7,93456,asian,53,male,16451,YES
6,91189,hispanic,38,female,76808,YES
2,99797,african american,34,male,19123,NO
6,93545,hispanic,10,male,78098,YES
4,18272,other,6,female,11591,NO
5,98839,caucasian,20,male,88144,NO
6,21921,hispanic,50,male,85052,YES
6,52240,asian,36,male,79320,YES
6,67019,asian,59,female,75904,YES
2,29984,hispanic,39,male,96267,NO
1,44106,other,59,male,69629,NO
1,13723,other,27,male,90872,NO
1,97500,hispanic,9,male,11934,NO
10,32458,caucasian,53,female,84561,YES
3,79197,african american,50,male,82608,NO
9,88391,caucasian,23,female,96563,YES
7,40395,african american,29,female,83261,YES
1,36562,other,39,male,99392,NO
2,83998,african american,53,female,47499,NO
7,80061,asian,32,male,36652,YES
9,18696,asian,59,male,27942,YES
2,35095,asian,0,male,35493,NO
6,39740,hispanic,28,female,74997,YES
6,49824,other,54,male,46816,YES
5,81803,other,50,male,42404,NO
7,41274,asian,26,male,56580,YES
10,80859,hispanic,22,male,77981,YES
1,54036,caucasian,52,male,52483,NO
2,31084,caucasian,1,female,64581,NO
9,21201,caucasian,32,male,15830,YES
3,84223,african american,38,female,16483,NO
8,55228,other,49,male,34067,YES
8,31162,hispanic,0,female,71117,YES
1,25041,caucasian,41,male,22448,NO
7,35655,african american,55,female,86196,YES
8,50467,other,4,male,78266,YES
4,40030,other,14,female,89524,NO
4,20371,african american,59,female,57429,NO
7,51664,african american,55,female,13998,YES
8,43500,african american,38,male,15993,YES
7,66753,asian,26,female,91403,YES
3,24186,other,48,female,51378,NO
8,81283,caucasian,48,female,49108,YES
1,68470,caucasian,8,female,68340,NO
7,15144,hispanic,56,male,83665,YES
8,16233,asian,7,female,98922,YES
4,69043,other,1,female,48439,NO
9,40653,african american,42,female,88801,YES
10,10053,asian,11,male,36934,YES
8,97462,african american,34,male,98350,YES
5,83188,other,35,female,73907,NO
10,60047,african american,26,male,54515,YES
2,18301,hispanic,5,male,58931,NO
1,38009,other,56,male,98293,NO
7,32391,asian,20,female,57180,YES
4,48533,hispanic,43,male,44171,NO
2,25937,caucasian,11,female,54460,NO
8,39371,asian,43,male,38286,YES
5,19185,african american,37,male,89030,NO
1,69273,asian,23,male,29227,NO
4,60014,african american,3,male,14523,NO
7,48579,african american,60,female,81170,YES
8,67732,caucasian,1,female,63444,YES
9,46112,african american,33,male,62398,YES
1,75941,other,43,male,85366,NO
4,37970,african american,50,male,14096,NO
6,18703,african american,38,male,27785,YES
9,44077,caucasian,52,female,28191,YES
8,59126,hispanic,15,male,35933,YES
3,44708,hispanic,54,female,66188,NO
3,54215,caucasian,25,female,96311,NO
2,70467,other,33,male,78822,NO
9,77263,caucasian,0,male,58643,YES
6,58475,caucasian,60,male,15801,YES
8,88575,hispanic,5,female,27604,YES
2,89845,african american,36,male,41334,NO
7,71506,other,1,male,42082,YES
6,96968,caucasian,44,female,53728,YES
3,89344,other,10,female,21361,NO
5,62448,african american,6,female,96227,NO
9,39068,other,17,female,32099,YES
9,92557,hispanic,4,female,57610,YES
5,43456,other,50,male,89382,NO
7,63568,other,52,female,58892,YES
4,9837,hispanic,26,male,46354,NO
7,28116,asian,3,male,52621,YES
1,9880,caucasian,25,male,98727,NO
7,87244,other,25,female,19498,YES
10,86609,hispanic,44,male,97347,YES
5,17360,asian,17,female,57841,NO
7,25523,african american,42,female,21126,YES
4,35002,asian,39,male,80453,NO
1,32166,hispanic,35,male,47484,NO
6,65308,african american,46,female,10989,YES
7,93385,caucasian,14,female,64865,YES
9,35867,african american,3,female,24552,YES
5,39272,other,42,male,12776,NO
9,43277,hispanic,17,female,95104,YES
6,34187,hispanic,60,male,68992,YES
5,10921,african american,20,male,85951,NO
7,20185,hispanic,32,male,31442,YES
4,99107,caucasian,26,female,27946,NO
9,11592,asian,33,male,33010,YES
3,28808,other,18,female,22692,NO
9,75358,caucasian,50,female,57114,YES
9,16496,caucasian,18,male,42422,YES
2,15369,hispanic,60,male,24661,NO
2,77124,asian,14,female,22715,NO
9,98213,asian,23,male,82404,YES
10,78114,asian,8,female,71150,YES
4,90333,asian,6,female,16648,NO
8,65341,african american,49,female,33871,YES
9,47511,asian,17,female,43668,YES
10,44529,caucasian,40,female,69219,YES
8,71682,african american,1,male,10339,YES
5,36705,hispanic,3,female,97421,NO
9,33757,asian,51,female,50815,YES
1,81427,african american,22,male,67008,NO
5,89124,hispanic,60,female,49882,NO
1,46580,caucasian,59,female,29006,NO
8,23466,other,37,male,13116,YES
1,24897,asian,8,female,29459,NO
8,57857,caucasian,0,male,96940,YES
8,53460,hispanic,54,male,69399,YES
10,30813,asian,16,female,60127,YES
9,21457,hispanic,12,female,18215,YES
10,70776,caucasian,21,female,98388,YES
7,79166,asian,36,male,24579,YES
3,98890,caucasian,40,female,45446,NO
5,35130,hispanic,10,male,50933,NO
10,63190,asian,51,male,71624,YES
6,56084,other,36,male,40932,YES
10,52516,african american,50,male,69689,YES
5,25955,hispanic,36,male,27128,NO
3,30305,african american,7,male,88332,NO
4,80244,asian,55,female,38724,NO
2,47405,asian,31,female,82838,NO
9,24785,other,10,male,70701,YES
4,11195,caucasian,50,male,73786,NO
1,50544,asian,41,female,54348,NO
5,24217,hispanic,31,female,13857,NO
3,38003,asian,21,female,51080,NO
9,89627,asian,5,female,14184,YES
10,42794,hispanic,31,male,32517,YES
9,62023,hispanic,57,male,73915,YES
10,36389,asian,36,male,24058,YES
4,68889,hispanic,60,male,55419,NO
7,38510,caucasian,44,female,88396,YES
7,43929,african american,6,female,31392,YES
3,64257,african american,20,male,20754,NO
2,88523,african american,17,male,86326,NO
1,34379,caucasian,4,female,40575,NO
3,44522,african american,31,male,75246,NO
3,73385,other,28,female,70199,NO
6,54085,caucasian,59,male,25020,YES
3,49563,african american,22,male,12573,NO
8,52206,asian,22,male,45404,YES
10,26934,caucasian,54,male,76122,YES
10,85156,caucasian,50,female,20602,YES
3,22831,african american,59,male,87917,NO
3,51874,caucasian,58,male,14837,NO
4,46408,african american,8,female,49678,NO
10,61341,caucasian,15,female,89524,YES
8,98061,african american,31,male,68673,YES
6,45946,caucasian,54,male,30614,YES
1,53006,other,19,female,23563,NO
4,44426,african american,12,female,62573,NO
10,99736,african american,50,female,55684,YES
2,30687,hispanic,14,male,93573,NO
7,80677,other,5,female,71837,YES
7,45016,caucasian,33,male,48557,YES
9,61135,caucasian,34,male,62607,YES
5,26777,caucasian,41,male,88591,NO
10,16655,african american,45,female,41409,YES
5,31523,caucasian,43,female,67365,NO
2,95713,asian,50,female,37796,NO
9,43720,asian,54,female,64756,YES
5,93748,other,49,male,86582,NO
1,75584,hispanic,21,female,42227,NO
4,82412,asian,60,female,53100,NO
2,78671,asian,7,male,40588,NO
10,46995,asian,8,female,72732,YES
10,56209,hispanic,4,male,95935,YES
7,81453,asian,37,male,38448,YES
2,30238,other,37,male,49692,NO
7,86380,asian,39,male,31692,YES
1,35721,african american,26,female,22660,NO
2,14707,other,16,female,80814,NO
5,84287,other,36,male,23903,NO
6,97702,other,26,female,40909,YES
1,18327,hispanic,30,female,63466,NO
3,34421,hispanic,42,male,78565,NO
3,93311,caucasian,47,male,31303,NO
5,20114,asian,43,male,30142,NO
10,74735,african american,35,female,86392,YES
1,70845,caucasian,15,female,82158,NO
3,19947,caucasian,17,male,81678,NO
8,69304,hispanic,4,male,12855,YES
2,46364,other,35,female,90669,NO
4,14444,african american,45,female,27985,NO
4,97514,caucasian,7,female,60917,NO
6,42688,african american,39,male,47285,YES
2,45437,asian,42,male,75562,NO
7,49949,african american,43,male,52290,YES
6,24377,other,8,female,25761,YES
6,69959,other,31,female,69544,YES
7,65997,african american,43,male,63268,YES
3,82301,other,36,female,41097,NO
3,74610,african american,33,male,54616,NO
2,44857,caucasian,14,male,53859,NO
1,56130,hispanic,33,female,56308,NO
2,79739,african american,58,female,19196,NO
8,62728,hispanic,4,male,16022,YES
5,10078,asian,6,male,87901,NO
3,58599,hispanic,15,male,18274,NO
7,50432,caucasian,55,male,13607,YES
10,36469,caucasian,29,female,90378,YES
7,17897,african american,58,male,75410,YES
5,53636,other,40,male,91313,NO
5,25938,hispanic,20,female,48492,NO
8,40650,african american,46,female,85345,YES
2,98734,asian,27,male,32469,NO
4,9056,hispanic,48,female,35991,NO
10,32749,asian,14,female,16178,YES
2,16247,other,23,male,86288,NO
7,91159,caucasian,24,male,49065,YES
6,53012,other,20,female,38558,YES
3,85878,caucasian,52,male,26655,NO
7,66495,african american,29,male,85525,YES
5,97009,african american,32,male,16999,NO
10,34151,african american,45,female,60828,YES
9,15545,asian,38,female,16744,YES
6,39730,other,60,male,97373,YES
10,46180,asian,55,female,86035,YES
2,38141,african american,47,female,26305,NO
10,42704,asian,48,male,21075,YES
4,91215,other,22,male,48064,NO
4,35949,caucasian,16,male,83094,NO
6,39405,asian,46,female,68635,YES
3,58060,caucasian,3,male,17679,NO
10,43779,asian,43,female,47265,YES
10,64302,asian,23,female,59738,YES
7,55179,other,2,female,55536,YES
6,90182,asian,23,female,67140,YES
1,89102,african american,24,female,65799,NO
7,67901,caucasian,15,male,40597,YES
3,53406,caucasian,18,male,53147,NO
7,76948,african american,38,male,16545,YES
1,27646,other,58,male,30398,NO
1,36624,other,36,male,87607,NO
1,37129,african american,16,female,78160,NO
3,51371,asian,39,male,10139,NO
10,32437,other,46,female,39430,YES
4,50074,other,6,male,18666,NO
8,71590,caucasian,56,male,78619,YES
9,96235,asian,31,female,48873,YES
8,52717,african american,44,female,27949,YES
1,37812,other,17,male,64323,NO
10,31654,other,51,male,56711,YES
4,39978,hispanic,28,female,48532,NO
8,38670,asian,18,male,41120,YES
7,88998,other,27,male,11929,YES
3,10718,asian,10,female,30161,NO
9,94458,hispanic,18,male,94935,YES
3,13340,asian,35,female,60635,NO
8,87484,african american,48,female,78353,YES
4,79261,other,15,male,33671,NO
1,33291,other,35,female,50241,NO
4,91217,caucasian,34,female,36695,NO
7,37435,hispanic,8,female,99908,YES
7,50911,asian,6,female,14399,YES
8,20939,hispanic,39,male,40138,YES
10,32971,caucasian,53,female,59272,YES
1,38983,caucasian,12,female,29180,NO
7,63068,other,54,male,37954,YES
6,94843,african american,12,male,60910,YES
4,40313,asian,33,female,71713,NO
9,18357,asian,5,female,34841,YES
9,77191,caucasian,58,female,26312,YES
5,64390,african american,3,male,52509,NO
3,48987,hispanic,44,female,54750,NO
10,41286,african american,41,male,44916,YES
9,67371,hispanic,45,male,36456,YES
7,74668,hispanic,15,female,19899,YES
8,31967,hispanic,26,male,98553,YES
6,82809,asian,20,male,43576,YES
3,12400,other,19,male,54447,NO
3,9955,asian,13,female,79253,NO
3,38099,hispanic,23,female,48238,NO
1,55940,hispanic,50,male,65926,NO
8,25635,hispanic,38,female,70603,YES
1,52100,asian,33,female,46412,NO
3,45337,hispanic,48,female,30688,NO
4,82785,hispanic,32,male,22292,NO
2,35131,african american,35,male,59313,NO
9,28323,african american,7,male,15069,YES
2,86738,hispanic,51,male,38040,NO
6,42616,hispanic,52,female,12050,YES
6,27520,caucasian,39,female,18103,YES
9,26664,hispanic,6,female,26321,YES
7,94100,hispanic,53,female,94118,YES
2,78860,other,58,female,75529,NO
9,40737,hispanic,16,female,99536,YES
7,64595,other,46,female,30089,YES
5,69144,african american,44,female,93929,NO
8,73701,african american,54,female,92711,YES
5,25987,other,9,male,21458,NO
6,90333,caucasian,13,female,14178,YES
9,84088,asian,57,female,66389,YES
1,53036,other,49,male,29956,NO
5,40217,other,38,male,78168,NO
10,79392,african american,40,female,63652,YES
3,22462,african american,9,male,17703,NO
9,97771,asian,8,male,82899,YES
5,92369,other,30,male,22138,NO
7,88664,asian,46,female,57725,YES
8,95459,caucasian,21,female,11426,YES
9,66153,african american,25,male,61402,YES
7,48871,caucasian,6,male,33466,YES
5,87734,other,24,female,14321,NO
2,43451,other,22,male,11323,NO
7,16470,asian,34,male,34393,YES
3,50873,african american,47,female,86745,NO
1,42254,african american,47,female,35544,NO
8,71153,other,57,female,29107,YES
2,30003,caucasian,49,male,24468,NO
2,48205,asian,13,female,27060,NO
3,30068,african american,36,female,14149,NO
3,21093,african american,14,male,25747,NO
9,38739,asian,45,female,69663,YES
1,76571,african american,28,female,74424,NO
6,38497,hispanic,0,female,73248,YES
6,94591,hispanic,19,male,37050,YES
10,97493,hispanic,55,female,14100,YES
1,19614,other,32,male,43884,NO
4,57968,hispanic,3,male,35647,NO
1,97946,other,43,female,48530,NO
4,9771,hispanic,44,male,66182,NO
3,97418,hispanic,44,female,77228,NO
4,84571,african american,26,male,12770,NO
10,42755,hispanic,45,female,61711,YES
5,58493,caucasian,30,female,95910,NO
4,24582,hispanic,39,male,46470,NO
7,41822,other,45,male,35924,YES
7,12917,caucasian,43,male,42362,YES
6,46600,hispanic,35,male,85240,YES
9,31250,caucasian,59,female,40629,YES
1,34952,hispanic,26,female,35292,NO
10,48810,african american,27,male,18968,YES
5,10685,african american,29,female,30177,NO
7,97186,asian,9,male,28631,YES
10,9229,asian,26,male,15864,YES
5,58129,caucasian,45,male,60832,NO
4,15135,hispanic,5,female,31668,NO
10,33968,asian,12,male,13622,YES
7,44121,asian,33,male,92353,YES
1,49102,other,53,male,36660,NO
5,66501,african american,31,female,21125,NO
3,70983,asian,2,female,28501,NO
1,29456,african american,38,male,38656,NO
2,9799,hispanic,52,male,90735,NO
5,24931,caucasian,33,female,50732,NO
4,98766,other,20,female,71160,NO
4,31875,caucasian,55,female,53548,NO
9,63204,other,44,female,52417,YES
1,44439,caucasian,44,male,48972,NO
6,29518,caucasian,53,male,57353,YES
8,51358,african american,56,male,85563,YES
7,13522,asian,58,male,69922,YES
7,72515,asian,27,female,75981,YES
5,61165,other,12,male,85318,NO
2,41364,caucasian,37,female,38632,NO
5,91962,other,55,female,92589,NO
1,61843,african american,20,male,75345,NO
4,79125,other,22,male,80697,NO
8,46278,african american,50,female,28178,YES
1,16410,caucasian,23,male,87058,NO
3,34185,hispanic,17,male,65423,NO
3,76675,other,35,male,11154,NO
1,26363,asian,47,female,96442,NO
6,42824,asian,19,male,43929,YES
4,9634,hispanic,23,female,32216,NO
9,14325,caucasian,39,male,66938,YES
5,61435,caucasian,14,female,62088,NO
5,16241,other,12,male,25628,NO
5,45614,caucasian,58,female,42991,NO
6,20308,african american,13,male,62028,YES
6,84492,other,4,male,84235,YES
5,58223,asian,25,female,43541,NO
3,48946,hispanic,38,male,19980,NO
9,83496,caucasian,5,female,12336,YES
10,52505,hispanic,46,female,28315,YES
2,32916,asian,43,female,41929,NO
2,93106,caucasian,13,male,14089,NO
1,12479,asian,3,female,37070,NO
2,14251,asian,10,female,47549,NO
3,97953,asian,20,male,35862,NO
8,67921,african american,58,female,60293,YES
6,55816,caucasian,16,male,53874,YES
4,38044,african american,21,male,27589,NO
8,11598,other,31,female,29921,YES
9,23348,caucasian,51,male,51863,YES
10,62931,african american,15,female,27427,YES
9,20097,asian,40,male,74619,YES
3,60937,african american,45,male,73805,NO
1,71512,asian,9,male,44900,NO
4,9007,african american,5,male,12157,NO
5,81898,other,42,female,75111,NO
5,27050,hispanic,55,male,97392,NO
9,96695,asian,59,male,52140,YES
4,65406,other,48,male,15579,NO
3,98329,asian,52,female,42170,NO
7,61496,caucasian,60,female,37914,YES
1,82086,african american,45,male,72475,NO
2,70327,hispanic,17,female,59956,NO
4,75446,african american,16,male,95611,NO
2,92484,asian,47,female,13336,NO
6,35886,caucasian,45,male,44577,YES
1,67813,hispanic,2,female,88622,NO
9,65585,african american,10,female,24907,YES
8,83295,asian,14,male,71410,YES
10,72611,caucasian,17,male,38915,YES
8,42722,asian,3,female,73163,YES
6,84157,asian,52,female,96547,YES
7,79377,other,34,female,41789,YES
9,21046,other,58,male,42878,YES
1,69794,other,47,male,88559,NO
4,73108,hispanic,35,male,82139,NO
3,81151,african american,48,male,25772,NO
4,10880,hispanic,30,female,57678,NO
7,40858,asian,23,male,99408,YES
10,72988,african american,14,female,67646,YES
1,51568,hispanic,51,female,14792,NO
9,12694,other,60,male,85889,YES
3,87174,caucasian,59,male,42892,NO
3,34588,hispanic,41,male,84850,NO
3,17590,asian,44,female,40278,NO
8,70064,other,58,male,26857,YES
4,13142,asian,25,male,60595,NO
2,35490,caucasian,30,female,34598,NO
1,89756,african american,56,female,36665,NO
1,44238,caucasian,13,female,99249,NO
1,74097,other,47,female,79130,NO
7,35030,asian,40,male,91736,YES
8,87476,caucasian,46,male,61588,YES
5,37513,african american,8,male,72928,NO
10,52347,other,29,male,74364,YES
10,57416,caucasian,4,female,60352,YES
9,88645,other,36,female,86779,YES
10,48223,hispanic,2,male,74254,YES
3,29229,caucasian,50,female,97334,NO
5,45796,african american,29,male,40149,NO
8,30538,african american,8,female,24042,YES
9,11070,asian,20,male,79166,YES
9,50540,hispanic,7,male,97014,YES
9,62025,african american,36,male,79708,YES
8,26974,hispanic,26,female,80994,YES
7,21112,hispanic,13,male,45886,YES
9,54487,asian,38,male,30374,YES
10,34717,african american,50,female,72628,YES
10,67589,asian,19,female,52910,YES
7,18268,other,28,female,26158,YES
4,90141,other,55,female,34664,NO
5,82449,african american,20,female,27505,NO
1,17275,african american,12,male,30079,NO
1,36505,caucasian,35,male,37325,NO
6,60212,caucasian,50,female,91238,YES
5,24083,hispanic,19,male,76365,NO
1,90681,caucasian,8,female,83106,NO
2,9961,asian,26,female,46351,NO
4,53465,asian,43,female,87393,NO
10,16100,other,13,female,89606,YES
5,68570,caucasian,56,female,99034,NO
5,39966,other,53,female,54444,NO
9,87022,hispanic,26,female,47713,YES
7,64190,african american,20,male,41909,YES
3,44585,caucasian,50,female,72535,NO
3,74899,other,55,male,44497,NO
7,82560,other,16,male,25370,YES
4,24129,african american,23,female,45613,NO
1,55584,hispanic,6,male,68951,NO
2,36447,african american,57,male,17082,NO
1,77104,caucasian,41,female,56548,NO
2,64555,hispanic,31,male,46497,NO
8,81121,asian,21,female,75500,YES
4,14863,other,3,female,22187,NO
6,35137,caucasian,6,male,71446,YES
9,79781,asian,44,female,58100,YES
4,39637,african american,43,female,71104,NO
4,40306,caucasian,32,female,62068,NO
6,17114,african american,49,female,22993,YES
7,94434,other,42,male,18086,YES
3,71811,caucasian,2,male,93495,NO
8,86795,african american,5,female,67030,YES
3,17922,african american,57,female,79458,NO
9,70529,caucasian,46,female,53792,YES
5,55238,other,21,male,78544,NO
6,68891,african american,49,female,85240,YES
2,10953,hispanic,12,female,16363,NO
7,23093,hispanic,34,female,43083,YES
9,22789,other,56,male,75836,YES
9,33629,other,31,female,17424,YES
5,95618,african american,6,female,76114,NO
6,85796,hispanic,43,male,49918,YES
9,16520,hispanic,42,female,83840,YES
7,60820,african american,37,male,90946,YES
3,57407,hispanic,44,male,68595,NO
3,10605,hispanic,47,female,75821,NO
8,9242,african american,41,male,13131,YES
3,42439,other,9,female,49482,NO
4,19067,african american,47,male,18513,NO
10,27940,asian,25,female,54917,YES
8,12320,asian,3,female,79628,YES
10,73821,african american,51,female,44523,YES
8,86009,caucasian,0,male,89717,YES
10,20228,hispanic,10,female,47888,YES
3,26999,hispanic,1,female,88099,NO
1,19248,african american,37,male,77095,NO
9,96688,hispanic,0,female,50548,YES
2,66016,hispanic,51,female,44665,NO
9,87147,hispanic,5,male,54751,YES
6,50951,other,51,male,89039,YES
7,79139,other,12,female,31646,YES
2,48651,caucasian,42,female,62423,NO
5,17036,hispanic,12,male,28582,NO
7,16694,african american,20,female,15422,YES
4,43682,asian,18,female,27290,NO
7,90667,hispanic,35,male,50292,YES
9,36159,other,40,female,55682,YES
3,75329,hispanic,50,female,75074,NO
6,9436,other,8,female,85794,YES
9,87926,african american,28,male,69997,YES
8,99398,hispanic,22,female,86582,YES
6,41089,asian,22,male,70227,YES
10,63590,asian,4,male,27463,YES
1,44986,hispanic,36,male,81412,NO
7,33261,caucasian,56,female,19201,YES
6,75592,caucasian,48,male,28003,YES
5,48173,caucasian,22,female,61625,NO
6,23877,hispanic,55,female,26626,YES
9,98589,hispanic,4,male,34654,YES
5,11325,other,27,male,63518,NO
2,29966,hispanic,29,female,88279,NO
10,11927,hispanic,53,female,51580,YES
4,92417,other,15,female,63875,NO
8,65933,other,52,male,88085,YES
4,81525,asian,38,female,20199,NO
7,59331,other,49,male,96052,YES
7,90938,caucasian,33,female,66993,YES
3,21017,african american,31,female,81170,NO
7,18642,hispanic,33,male,31593,YES
4,97401,other,9,male,94460,NO
10,52753,caucasian,60,female,16627,YES
4,93553,asian,8,female,25498,NO
10,73274,caucasian,11,male,55051,YES
4,79051,hispanic,52,female,86126,NO
5,58141,hispanic,60,male,71367,NO
7,91747,african american,12,female,92613,YES
6,66409,asian,40,female,82625,YES
6,62451,other,37,male,40816,YES
2,73950,other,36,female,62554,NO
8,27078,hispanic,41,female,67427,YES
7,96356,asian,12,male,46817,YES
8,34892,asian,30,male,26237,YES
10,25531,african american,29,female,32645,YES
7,21541,asian,37,female,88371,YES
2,39963,asian,46,female,85820,NO
8,89125,asian,51,male,50322,YES
3,11992,hispanic,16,male,35818,NO
9,34142,hispanic,37,male,83009,YES
9,86456,african american,8,female,84184,YES
2,79687,hispanic,12,female,71481,NO
8,99067,other,47,male,66223,YES
6,73326,asian,8,female,20310,YES
6,53133,african american,51,male,37302,YES
5,42182,hispanic,11,female,21254,NO
3,73749,hispanic,41,male,80256,NO
6,98010,hispanic,43,female,69829,YES
6,91052,caucasian,3,male,54385,YES
5,59057,african american,44,female,98034,NO
5,37422,asian,24,female,95588,NO
1,36877,african american,13,male,98630,NO
8,36361,hispanic,6,male,24910,YES
5,15301,caucasian,56,female,95617,NO
9,82653,hispanic,55,female,91317,YES
5,52329,asian,18,male,50863,NO
6,94989,asian,9,female,25872,YES
2,61182,hispanic,12,male,33958,NO
1,17179,african american,12,female,94882,NO
5,36457,caucasian,41,male,12431,NO
7,44851,hispanic,47,male,95899,YES
4,60546,other,43,female,63714,NO
5,63503,african american,40,male,72771,NO
3,20366,asian,14,female,37368,NO
3,46103,other,40,male,53291,NO
4,15944,african american,24,female,76709,NO
10,25998,asian,56,female,99966,YES
2,93005,hispanic,15,female,23269,NO
3,27134,african american,25,female,35566,NO
4,59099,african american,41,male,63818,NO
6,44379,hispanic,57,male,30508,YES
5,16234,hispanic,39,male,32393,NO
8,40047,african american,47,female,79328,YES
3,67077,caucasian,5,male,93047,NO
7,44725,other,27,female,46126,YES
10,27596,hispanic,15,female,61705,YES
8,44523,hispanic,17,male,47932,YES
8,62819,african american,51,female,10034,YES
10,72213,african american,34,male,71055,YES
6,30104,caucasian,36,female,82494,YES
7,77000,african american,46,male,35588,YES
7,48054,african american,39,female,15291,YES
1,78141,caucasian,34,female,69964,NO
4,62730,caucasian,50,female,93357,NO
6,58520,caucasian,4,male,34917,YES
10,33959,asian,60,male,37878,YES
10,18940,hispanic,41,male,88822,YES
4,88688,hispanic,17,female,55275,NO
2,17598,african american,30,male,25504,NO
9,47732,caucasian,25,female,64364,YES
5,15670,other,47,male,49270,NO
3,72045,caucasian,49,male,19409,NO
8,94733,caucasian,48,male,79237,YES
8,51687,african american,41,female,67660,YES
1,29775,african american,15,male,58461,NO
10,77984,hispanic,0,female,17727,YES
3,65832,hispanic,58,female,73021,NO
10,23799,asian,55,male,25986,YES
5,51846,other,51,female,29423,NO
9,43102,caucasian,18,male,70549,YES
5,51043,other,44,male,68835,NO
5,97927,african american,38,male,80743,NO
4,66038,asian,7,female,86998,NO
5,46878,other,26,male,82027,NO
7,28660,hispanic,5,male,43821,YES
7,81235,african american,7,male,55396,YES
1,45237,african american,56,male,33244,NO
2,9053,hispanic,7,male,45508,NO
4,53349,hispanic,53,female,23225,NO
8,74082,hispanic,34,female,54863,YES
1,80256,caucasian,38,male,37985,NO
8,84152,hispanic,5,female,25305,YES
4,57882,hispanic,38,female,40670,NO
2,64890,other,35,male,36919,NO
6,90605,caucasian,12,male,88386,YES
7,56914,hispanic,2,female,65933,YES
7,75336,caucasian,47,male,71758,YES
1,40703,asian,19,female,96867,NO
4,79343,other,4,female,41321,NO
7,96811,asian,32,male,36074,YES
8,31244,caucasian,27,female,28967,YES
10,17008,african american,29,male,38266,YES
2,33091,african american,32,female,74838,NO
10,82912,african american,40,male,86071,YES
9,29790,asian,50,female,52663,YES
1,58042,caucasian,20,male,46316,NO
1,13056,african american,14,female,50722,NO
1,40725,hispanic,25,female,65389,NO
1,67183,caucasian,13,male,80283,NO
8,21247,hispanic,18,male,42966,YES
2,83881,asian,11,female,54204,NO
5,46971,hispanic,29,male,41899,NO
1,15253,other,22,male,77699,NO
5,26631,caucasian,23,female,30925,NO
2,59566,other,60,male,24833,NO
5,15308,other,36,male,79369,NO
6,51154,caucasian,10,male,30604,YES
3,55116,african american,49,female,44958,NO
3,81853,hispanic,51,male,38657,NO
8,41542,hispanic,54,male,32217,YES
9,89214,asian,22,male,16377,YES
4,78750,african american,42,male,49427,NO
7,33590,caucasian,44,female,12341,YES
3,61722,african american,36,male,53155,NO
6,73205,other,57,female,73275,YES
8,96070,caucasian,26,male,28726,YES
9,34850,african american,53,male,55033,YES
7,81332,hispanic,53,male,97568,YES
5,95822,hispanic,11,female,83640,NO
4,91115,other,10,female,31313,NO
5,96501,caucasian,21,female,26465,NO
2,73622,african american,59,female,63423,NO
2,84722,african american,32,female,78589,NO
10,95518,other,18,male,63941,YES
6,77975,hispanic,18,female,19321,YES
2,86273,asian,3,male,51492,NO
9,94822,caucasian,41,male,95687,YES
6,89700,hispanic,54,female,37937,YES
2,96087,african american,12,male,71020,NO
3,68823,other,10,male,31760,NO
6,64922,caucasian,47,female,52966,YES
4,19664,caucasian,8,male,84649,NO
7,79575,african american,58,female,94447,YES
9,48075,african american,10,female,48603,YES
8,64803,african american,15,female,35796,YES
5,23932,african american,3,male,33589,NO
2,62375,hispanic,11,male,25962,NO
9,50689,hispanic,9,female,20259,YES
9,17249,other,2,male,20115,YES
8,27193,asian,31,female,53289,YES
2,19036,other,13,female,28607,NO
9,20087,hispanic,57,female,63275,YES
2,91590,caucasian,6,male,34491,NO
9,48076,other,42,female,61358,YES
6,66426,hispanic,25,male,41550,YES
3,9307,asian,25,male,77304,NO
9,19922,caucasian,22,male,69860,YES
5,13910,caucasian,40,male,54334,NO
7,51601,asian,43,male,18419,YES
5,73639,asian,18,female,50401,NO
1,70080,asian,47,male,39837,NO
2,45693,asian,27,female,58298,NO
8,25529,other,9,male,48869,YES
4,73928,asian,11,female,42685,NO
4,85840,african american,43,male,21669,NO
3,55676,asian,29,male,94131,NO
1,20982,asian,56,female,58266,NO
10,29829,other,3,female,12573,YES
4,82784,asian,10,male,45991,NO
3,90204,african american,38,female,52523,NO
6,56270,other,47,male,72833,YES
2,39131,other,0,female,97522,NO
3,14574,african american,34,female,56679,NO
10,97075,asian,6,male,77047,YES
6,10347,asian,24,female,55909,YES
9,76226,other,1,male,39401,YES
6,86004,other,1,male,56899,YES
7,99661,other,19,male,31142,YES
9,10943,asian,25,male,88296,YES
1,36562,asian,51,female,75958,NO
10,85445,caucasian,31,female,35127,YES
3,64515,african american,39,female,66530,NO
2,68575,african american,33,female,30840,NO
3,73011,asian,48,female,75492,NO
2,12644,hispanic,19,male,77483,NO
2,20740,african american,34,male,28735,NO
10,89937,african american,45,male,52822,YES
2,39639,other,1,male,96187,NO
10,94975,hispanic,27,male,36730,YES
8,73718,other,30,female,78782,YES
7,68948,african american,60,female,23423,YES
6,21359,caucasian,19,female,67107,YES
2,73621,hispanic,43,male,30717,NO
8,26511,other,25,female,42032,YES
3,59214,asian,19,female,98879,NO
2,26453,asian,52,female,33521,NO
8,21993,hispanic,40,male,54070,YES
6,34602,asian,22,female,81413,YES
6,56020,other,56,female,98947,YES
2,38152,caucasian,46,female,94489,NO
8,37383,hispanic,41,male,54907,YES
3,99300,caucasian,28,female,49107,NO
9,88354,other,15,male,75073,YES
10,25919,other,32,female,32493,YES
3,25633,hispanic,23,male,22345,NO
10,17919,hispanic,22,female,10918,YES
9,44636,other,24,female,40671,YES
3,83755,caucasian,56,female,76639,NO
5,86985,caucasian,3,female,59656,NO
4,56701,hispanic,0,female,50460,NO
7,95334,asian,44,female,88980,YES
3,27423,hispanic,39,female,10083,NO
8,40736,asian,52,male,16961,YES
6,80582,african american,36,male,24803,YES
9,61585,asian,41,male,46865,YES
1,51344,asian,6,male,79588,NO
8,19634,asian,3,male,85377,YES
4,16707,caucasian,33,male,40355,NO
8,55890,hispanic,52,female,85508,YES
3,54124,other,16,male,87834,NO
2,11002,other,31,female,57701,NO
2,24297,african american,40,male,21840,NO
2,45039,hispanic,56,male,30522,NO
8,57557,asian,52,female,72931,YES
4,50500,caucasian,5,female,22350,NO
9,30365,african american,8,female,37955,YES
2,18592,caucasian,17,female,82323,NO
7,28757,asian,14,female,28652,YES
1,16721,african american,10,male,56208,NO
9,91749,asian,40,male,47932,YES
6,45195,caucasian,54,female,31241,YES
8,19241,caucasian,43,male,75049,YES
7,10201,hispanic,47,male,74989,YES
7,21038,caucasian,50,female,64527,YES
7,32638,hispanic,31,male,18086,YES
7,75735,asian,31,female,58905,YES
9,61271,hispanic,19,male,15644,YES
7,11493,other,8,female,19580,YES
8,82268,caucasian,28,male,71878,YES
1,26031,caucasian,39,male,48158,NO
3,32789,african american,43,female,26799,NO
6,52488,caucasian,28,female,48280,YES
8,41368,african american,35,male,26742,YES
1,86999,hispanic,22,male,13665,NO
5,21595,hispanic,51,female,29926,NO
5,19948,caucasian,59,female,78866,NO
5,11654,hispanic,16,female,77941,NO
2,57745,other,47,female,59539,NO
6,10902,african american,57,female,21833,YES
5,50295,asian,57,female,95265,NO
6,53008,asian,39,female,91334,YES
9,64652,caucasian,34,male,43532,YES
7,95285,african american,51,male,19287,YES
10,75676,hispanic,37,male,96039,YES
5,78013,other,45,female,51893,NO
6,78524,african american,53,female,15181,YES
5,33242,hispanic,4,male,15478,NO
10,38848,african american,48,male,42553,YES
1,97656,asian,13,female,25275,NO
10,51127,hispanic,9,female,67025,YES
8,48630,caucasian,18,female,13646,YES
8,79419,asian,21,male,17540,YES
5,11930,asian,17,male,90248,NO
8,83544,asian,38,male,33691,YES
8,38246,hispanic,45,female,95343,YES
1,91269,hispanic,44,male,20731,NO
9,55186,african american,18,female,65249,YES
6,21249,african american,37,male,44210,YES
1,13384,african american,56,female,33816,NO
1,43730,african american,35,female,78211,NO
6,21871,african american,10,male,48201,YES
5,38072,caucasian,58,female,36259,NO
6,43207,african american,43,female,74624,YES
7,43391,other,52,male,10950,YES
10,98370,caucasian,45,female,64739,YES
9,95122,caucasian,41,male,52943,YES
1,26944,caucasian,18,female,72423,NO
3,13037,caucasian,39,male,21020,NO
9,40166,african american,54,male,82658,YES
10,61468,caucasian,20,female,35105,YES
8,64113,caucasian,57,male,20025,YES
7,57696,african american,55,male,12861,YES
3,19283,other,4,male,45380,NO
2,27747,african american,25,male,78839,NO
3,73107,caucasian,55,female,38170,NO
7,45083,hispanic,43,female,48557,YES
5,81360,caucasian,26,female,66901,NO
9,82862,caucasian,50,female,83843,YES
3,58073,african american,9,male,23407,NO
2,26751,asian,7,male,71077,NO
6,18485,caucasian,12,female,93207,YES
2,76600,other,50,female,96793,NO
6,64745,hispanic,35,female,65838,YES
5,32715,other,18,female,64215,NO
10,23840,hispanic,25,female,74366,YES
3,77182,african american,19,female,80504,NO
2,73918,caucasian,59,male,34771,NO
6,85884,hispanic,43,female,92564,YES
5,96763,african american,7,female,18816,NO
5,49281,african american,28,female,71472,NO
9,42793,other,3,female,22124,YES
10,15211,asian,29,male,30537,YES
5,27065,caucasian,44,female,35849,NO
8,43150,hispanic,16,female,91818,YES
7,85676,hispanic,13,male,10110,YES
2,58603,other,24,female,25218,NO
10,34853,caucasian,6,female,76212,YES
6,62264,caucasian,55,male,54976,YES
8,23655,asian,4,female,99570,YES
9,86879,african american,12,male,60218,YES
6,35456,other,11,male,23942,YES
9,49687,hispanic,55,male,94760,YES
8,92992,asian,41,male,73536,YES
10,13441,african american,30,female,40709,YES
2,86181,caucasian,59,male,95528,NO
5,33796,other,3,female,34182,NO
10,77854,caucasian,20,female,54273,YES
4,31991,african american,42,male,20670,NO
9,55682,caucasian,16,female,71156,YES
3,10466,other,54,male,72198,NO
5,27920,african american,40,male,90876,NO
9,33273,other,55,female,12969,YES
3,87974,african american,6,female,39083,NO
6,31922,hispanic,51,male,77051,YES
4,57593,hispanic,56,female,25805,NO
8,34416,hispanic,31,male,76937,YES
6,40024,other,41,male,77486,YES
9,10772,other,56,female,85047,YES
3,86960,african american,59,female,88382,NO
4,34070,other,40,female,85647,NO
8,16607,other,5,male,86250,YES
4,60980,other,48,female,99538,NO
2,27927,asian,48,female,40003,NO
3,93397,asian,33,male,32895,NO
7,23865,hispanic,28,male,42411,YES
2,81781,african american,49,female,88266,NO
1,17217,asian,42,female,55003,NO
5,49030,caucasian,42,female,75135,NO
1,99545,african american,51,female,49926,NO
3,67680,asian,44,female,13920,NO
5,36903,african american,49,female,37493,NO
5,76973,asian,25,female,50581,NO
2,71146,hispanic,46,male,33249,NO
9,25569,hispanic,58,female,50602,YES
3,93996,caucasian,11,male,53241,NO
1,70642,african american,28,male,39996,NO
2,93552,caucasian,37,male,39283,NO
2,15578,caucasian,22,male,53693,NO
7,67061,hispanic,41,male,73790,YES
10,50775,african american,6,male,18478,YES
9,93373,african american,23,female,65411,YES
8,63178,african american,0,female,67496,YES
2,19979,other,33,female,35252,NO
4,62453,caucasian,45,female,52274,NO
3,94430,other,50,female,16355,NO
1,86876,african american,14,male,53706,NO
2,95457,hispanic,24,male,80688,NO
3,50421,hispanic,28,male,28943,NO
7,26321,asian,15,female,15021,YES
1,46704,hispanic,34,female,42600,NO
9,14098,african american,30,male,63948,YES
2,75325,hispanic,34,male,32348,NO
2,74444,other,31,female,19342,NO
10,30981,other,6,male,73300,YES
5,51271,african american,1,female,39911,NO
10,17868,african american,35,male,87534,YES
1,91041,hispanic,5,male,20474,NO
1,97209,hispanic,22,male,17116,NO
4,51050,asian,8,female,14102,NO
6,21033,caucasian,43,female,59244,YES
4,35411,hispanic,60,male,99471,NO
7,79337,hispanic,4,male,17622,YES
5,10858,caucasian,48,female,79204,NO
1,99242,hispanic,26,male,19701,NO
7,44752,hispanic,24,female,83540,YES
8,50095,hispanic,33,female,12409,YES
2,71422,hispanic,12,female,88205,NO
9,91624,other,5,male,75839,YES
8,90231,other,43,male,48402,YES
8,50583,other,20,male,12270,YES
4,50333,hispanic,52,male,33696,NO
10,56075,hispanic,60,female,80630,YES
6,96402,asian,47,female,57263,YES
10,71710,other,50,male,44909,YES
3,29410,other,11,female,87062,NO
7,77568,caucasian,36,male,56138,YES
8,67880,african american,6,male,75203,YES
7,14990,asian,12,male,90103,YES
1,61855,african american,33,female,97774,NO
5,15553,african american,6,male,99024,NO
3,18532,asian,21,male,12235,NO
10,56079,african american,33,female,55189,YES
8,12807,caucasian,18,female,66151,YES
6,56098,other,35,female,59982,YES
2,68564,asian,52,male,84839,NO
3,44197,asian,36,female,37081,NO
1,79053,hispanic,41,male,39287,NO
6,23877,hispanic,15,male,11431,YES
2,83412,caucasian,19,male,37431,NO
7,17044,caucasian,20,female,76940,YES
1,71784,hispanic,24,female,92500,NO
7,98631,african american,50,female,73881,YES
1,21354,african american,20,male,26512,NO
1,62984,african american,48,male,23000,NO
1,27222,other,59,female,34449,NO
4,57605,asian,45,male,73759,NO
5,32422,hispanic,46,male,83599,NO
6,83178,hispanic,42,male,91027,YES
3,93587,hispanic,55,female,81639,NO
8,75442,african american,41,female,87791,YES
9,71155,hispanic,56,female,18312,YES
10,83113,hispanic,49,female,64998,YES
1,87914,asian,33,male,94638,NO
1,37081,african american,46,male,42994,NO
3,99376,other,18,female,85028,NO
6,22260,hispanic,20,female,39683,YES
7,19416,caucasian,51,male,36285,YES
3,67765,caucasian,44,male,63044,NO
7,18625,hispanic,5,female,30126,YES
10,49289,african american,32,male,68969,YES
7,95930,asian,34,male,80750,YES
5,37215,caucasian,6,female,69888,NO
6,72324,other,45,female,62011,YES
4,84181,asian,10,female,67826,NO
5,44018,hispanic,0,male,21704,NO
2,55866,other,60,female,38097,NO
5,76237,african american,58,male,86652,NO
9,39511,african american,38,male,44232,YES
6,10918,other,1,female,37186,YES
4,87967,asian,38,female,27832,NO
7,91761,other,45,male,91479,YES
9,22874,caucasian,51,male,70127,YES
1,89435,hispanic,19,female,29981,NO
10,87189,asian,24,female,51556,YES
5,15664,african american,1,female,47923,NO
9,97094,african american,59,male,51248,YES
1,89221,caucasian,13,female,51015,NO
2,32011,african american,55,female,51723,NO
7,41991,other,53,female,16798,YES
4,24871,african american,46,male,71033,NO
7,94671,asian,27,female,33287,YES
5,87860,hispanic,29,male,65868,NO
3,39447,hispanic,10,female,75487,NO
3,69610,hispanic,22,male,82652,NO
7,63042,asian,60,male,70636,YES
1,10155,caucasian,51,male,17722,NO
1,25552,african american,0,female,27134,NO
1,37370,hispanic,43,female,86672,NO
1,19308,other,33,female,85732,NO
5,75787,caucasian,56,male,74744,NO
5,43862,other,30,female,79603,NO
4,81825,other,48,male,81850,NO
2,79828,hispanic,51,female,79523,NO
10,54789,hispanic,25,male,14508,YES
5,74318,african american,4,male,69913,NO
2,81467,hispanic,24,female,24083,NO
2,93123,asian,30,female,22124,NO
1,9752,african american,2,male,47104,NO
6,83319,asian,51,female,78325,YES
7,73767,hispanic,59,female,26507,YES
3,72010,caucasian,42,female,78833,NO
3,85632,caucasian,28,female,51224,NO
1,12121,caucasian,16,female,20926,NO
6,13555,asian,42,male,38826,YES
9,59399,african american,54,male,16116,YES
8,97717,asian,57,male,17426,YES
6,57913,other,39,female,44874,YES
7,14889,other,4,female,57542,YES
5,39304,other,29,male,14673,NO
10,25711,caucasian,0,female,82471,YES
1,62603,african american,16,male,66078,NO
8,92253,hispanic,11,male,34789,YES
9,71161,african american,31,female,37732,YES
3,86717,caucasian,30,female,12946,NO
7,33725,hispanic,14,female,48351,YES
2,57461,african american,18,male,31273,NO
10,41093,asian,41,male,33061,YES
5,73919,asian,20,male,82304,NO
9,72955,hispanic,4,female,51070,YES
8,61098,other,27,female,38303,YES
10,49469,hispanic,56,female,59137,YES
3,19482,other,22,male,19024,NO
5,50971,hispanic,55,male,18117,NO
3,66775,asian,54,male,61260,NO
8,35696,other,27,male,65880,YES
6,91242,african american,5,male,32156,YES
10,22994,hispanic,28,female,44514,YES
6,55172,other,47,female,13357,YES
7,25067,caucasian,24,male,22781,YES
8,32746,asian,16,female,69800,YES
3,58048,african american,47,female,49630,NO
4,23237,asian,40,male,68092,NO
4,70632,hispanic,59,male,43732,NO
4,99006,other,29,male,70598,NO
4,43708,hispanic,4,male,84403,NO
4,73865,asian,24,female,99031,NO
4,15672,african american,16,male,44958,NO
3,23391,african american,2,female,40368,NO
5,69541,hispanic,16,female,50952,NO
6,28315,hispanic,41,female,16208,YES
3,17186,hispanic,51,male,17254,NO
2,85900,african american,13,female,78078,NO
3,39286,caucasian,39,male,70409,NO
1,96183,african american,8,male,36848,NO
5,85212,hispanic,7,female,17738,NO
2,84736,other,24,male,71052,NO
2,47920,other,12,female,28540,NO
9,81499,caucasian,18,female,76068,YES
7,87258,other,17,male,94131,YES
3,56182,asian,24,female,30815,NO
3,48144,asian,14,female,38354,NO
7,19263,other,55,male,10821,YES
5,90903,african american,15,male,38045,NO
10,45775,other,59,female,23819,YES
4,27330,african american,2,female,81937,NO
9,49774,other,0,female,12212,YES
5,95249,african american,5,female,20442,NO
4,30129,caucasian,36,female,96472,NO
2,22823,caucasian,42,male,60796,NO
10,46054,asian,33,female,53571,YES
10,61125,african american,39,female,38158,YES
8,28399,african american,51,female,94242,YES
3,9506,other,7,male,28077,NO
4,57036,african american,36,male,22172,NO
9,18926,other,8,female,97399,YES
6,91043,hispanic,2,female,98390,YES
10,18101,hispanic,1,male,95482,YES
6,69801,hispanic,48,male,98701,YES
4,14787,hispanic,55,male,91758,NO
6,35769,other,5,female,57473,YES
7,37143,asian,18,female,37720,YES
9,68093,african american,40,female,85324,YES
8,89460,hispanic,30,female,11057,YES
2,17440,other,35,female,60326,NO
3,70430,asian,5,female,86118,NO
10,60539,other,5,male,16228,YES
3,70329,other,21,male,36163,NO
2,54265,african american,33,female,91191,NO
8,89471,asian,54,male,39364,YES
8,47386,asian,31,female,54722,YES
5,71144,caucasian,7,female,14415,NO
8,88898,other,48,female,53902,YES
8,66687,other,16,female,70650,YES
3,84202,african american,37,male,37722,NO
1,77009,asian,15,female,18574,NO
7,84027,hispanic,9,female,46980,YES
9,92348,african american,9,female,73302,YES
5,20532,asian,47,female,14379,NO
6,89325,asian,51,male,76554,YES
2,52343,asian,5,male,33383,NO
5,99033,asian,15,female,32082,NO
9,11533,other,12,female,22266,YES
4,99990,caucasian,26,female,35956,NO
5,21306,hispanic,23,male,45117,NO
1,43329,other,45,female,17686,NO
8,45756,caucasian,36,male,60141,YES
10,68304,caucasian,13,female,37724,YES
8,76852,african american,28,male,34171,YES
3,12266,other,60,female,42670,NO
4,70714,other,37,male,88080,NO
6,95955,hispanic,4,female,33713,YES
6,40968,african american,60,male,95261,YES
5,22906,hispanic,39,male,66707,NO
8,46963,asian,8,male,28452,YES
3,22987,other,50,male,33786,NO
10,67137,hispanic,37,female,43180,YES
9,99778,hispanic,16,male,29745,YES
