household_size,income,race,age,sex,zipcode
6,59719,african american,37,male,17668
8,88365,hispanic,29,male,44237
1,86833,caucasian,38,male,68615
1,19375,asian,16,female,19838
1,83146,caucasian,56,female,51604
6,42495,hispanic,2,female,87923
3,57194,asian,8,male,96752
3,88740,african american,14,male,72929
7,56780,caucasian,57,female,93194
8,70233,caucasian,57,female,61294
7,38365,asian,14,female,62616
5,26021,caucasian,3,female,51228
2,80895,hispanic,42,female,11025
9,53029,african american,37,male,91370
4,75383,asian,60,male,16631
3,57240,hispanic,18,male,22571
6,46863,caucasian,48,male,64541
8,83364,other,52,female,60134
4,32041,asian,47,female,60968
3,93778,other,20,male,32151
4,78908,african american,9,male,33424
7,95794,african american,50,female,56428
7,22699,caucasian,59,male,66790
3,23457,asian,31,male,11232
7,10683,hispanic,18,female,99476
9,44756,hispanic,60,male,21966
7,28662,hispanic,37,female,67542
10,21408,hispanic,58,male,73475
1,54684,asian,10,male,68023
10,39868,caucasian,52,male,91950
8,28363,caucasian,43,male,70376
9,85998,other,13,male,56609
10,88277,caucasian,14,male,59153
1,93389,african american,38,male,15275
7,49945,hispanic,53,male,43313
10,85919,hispanic,55,male,27594
4,15541,african american,51,female,37936
9,43898,caucasian,38,female,59152
7,51402,hispanic,39,male,30435
1,64756,asian,50,male,18196
1,36340,asian,0,female,52683
2,86078,caucasian,33,male,55242
2,42173,hispanic,30,male,23622
3,90444,hispanic,50,male,36303
2,76779,hispanic,0,female,58233
7,40640,caucasian,33,female,44070
3,16972,hispanic,21,male,79103
10,87605,other,2,male,51114
8,95878,caucasian,53,female,10825
8,31788,hispanic,17,male,24650
8,14919,hispanic,2,male,92563
6,42568,other,34,male,90272
2,35368,caucasian,0,female,93319
5,18707,other,17,female,21761
8,57330,other,24,male,48063
6,82824,african american,37,male,80541
4,59987,african american,42,female,13462
10,89775,caucasian,14,female,63183
6,38590,african american,52,female,95623
5,41729,asian,15,female,27391
8,75390,other,9,male,86661
10,87504,hispanic,19,male,65579
4,25374,asian,54,male,24506
10,64873,african american,16,male,96628
5,45711,caucasian,25,male,24517
5,53702,other,43,female,18144
6,89464,hispanic,16,female,51922
7,79655,other,7,male,89947
1,75941,other,33,male,34308
2,95913,asian,46,female,27768
8,53155,caucasian,53,female,30182
3,20295,asian,24,female,96969
2,45949,other,30,male,24330
4,31982,other,37,male,61992
8,84427,hispanic,39,male,40484
9,11000,caucasian,22,female,53724
8,84040,african american,0,male,38545
8,31528,other,50,male,21064
9,25495,african american,57,female,54228
5,78827,caucasian,3,female,39774
8,94577,asian,18,male,80219
10,88784,african american,55,male,57507
9,52360,asian,17,female,94936
8,75577,asian,35,female,37152
9,88404,african american,33,male,35258
1,34028,caucasian,32,female,96349
3,23685,hispanic,14,male,64436
2,51479,asian,34,female,64742
3,48052,caucasian,10,male,21126
3,42261,asian,21,male,52442
4,83217,hispanic,24,female,96992
9,91552,caucasian,46,male,75969
7,84741,other,5,male,49568
7,49491,caucasian,40,male,24980
1,68452,caucasian,24,male,79620
5,42883,other,54,female,63595
10,27900,other,56,male,20668
8,59799,asian,46,female,61232
3,43809,caucasian,41,female,74077
9,64971,asian,15,female,49174
3,17505,asian,49,male,89755
9,41601,caucasian,30,male,23073
5,15377,other,42,female,55604
9,20387,asian,56,male,71584
4,47209,other,51,male,57144
10,88334,asian,34,male,42559
8,91464,african american,33,female,46647
4,9792,asian,8,female,90262
3,19965,asian,50,female,85945
10,51899,caucasian,42,female,89697
1,80109,asian,38,female,17919
10,59942,hispanic,18,male,92973
7,57571,caucasian,59,female,68793
7,14581,other,37,male,58271
4,64631,hispanic,5,male,78731
3,29943,hispanic,60,male,88888
5,37425,other,30,female,94077
4,92959,hispanic,25,female,42137
5,23576,asian,46,male,43876
1,33685,asian,15,male,78954
6,61384,african american,22,male,25397
9,52994,asian,57,male,55244
10,51319,asian,9,female,46885
3,32257,other,14,female,62394
2,93944,caucasian,19,female,96707
8,33567,hispanic,33,male,29929
3,90405,african american,16,female,68198
8,88361,caucasian,46,male,68864
10,51610,other,26,male,88391
7,98455,caucasian,38,female,20613
1,47364,hispanic,28,female,66070
3,79154,asian,15,female,97541
1,45800,hispanic,20,female,27151
7,61513,caucasian,38,female,24530
1,38887,asian,46,female,17082
8,36432,hispanic,54,male,58572
6,76619,hispanic,26,male,35256
3,16011,asian,22,female,63626
3,92852,caucasian,58,female,68446
1,23893,caucasian,30,female,60434
1,55668,hispanic,4,male,55048
5,64578,caucasian,52,male,93240
5,88850,asian,60,male,95311
9,39759,asian,6,male,16889
4,31959,african american,38,female,23231
9,70702,african american,49,male,71343
7,56421,hispanic,43,male,65160
5,45145,asian,28,female,65648
4,63560,asian,9,male,44096
4,70473,other,58,male,91872
2,88632,caucasian,20,female,77060
2,9751,caucasian,48,male,42690
6,38546,hispanic,58,female,98023
8,19297,hispanic,32,male,60820
8,62404,caucasian,45,female,25188
6,21038,asian,4,female,41412
2,80601,asian,42,male,56398
1,56865,african american,57,male,63545
9,81059,hispanic,56,female,51279
10,13141,african american,2,female,59324
3,72564,african american,43,female,11603
4,40505,hispanic,16,female,90253
9,71270,african american,27,female,12299
6,13043,hispanic,1,male,39869
7,12874,asian,38,male,24349
2,41087,other,39,female,83378
10,77513,caucasian,48,male,51662
6,86479,caucasian,10,female,63043
3,88162,hispanic,28,female,38710
6,82865,other,10,female,20986
2,76250,hispanic,31,female,88386
10,34503,other,41,male,59755
7,92316,caucasian,29,female,24189
4,46639,caucasian,2,male,91708
2,28951,caucasian,33,female,15606
2,23702,african american,24,male,60437
4,9572,caucasian,48,male,10353
8,80083,african american,4,female,34314
9,25141,african american,19,female,51813
7,20556,asian,37,female,55050
3,99307,hispanic,34,female,26738
5,49821,asian,25,female,68415
5,89042,african american,12,male,62638
3,43550,asian,9,male,97124
7,43320,hispanic,2,female,23630
1,24061,asian,21,male,52034
5,93871,african american,33,male,85947
8,75817,caucasian,53,male,96180
8,59022,hispanic,10,female,72878
8,79034,asian,46,male,77013
7,78271,asian,49,male,43308
10,36050,african american,16,male,74821
2,67443,african american,42,male,27686
6,99842,caucasian,38,male,57569
8,52860,asian,13,female,59904
4,36773,african american,2,female,69421
4,63103,caucasian,31,female,36483
3,44256,caucasian,24,male,19087
3,82948,other,30,female,88786
4,88612,african american,6,female,58802
6,45239,other,52,female,94262
1,62879,hispanic,53,male,41625
7,49059,caucasian,36,male,57163
10,54927,hispanic,32,female,33440
8,20104,other,35,male,74962
4,26634,asian,52,male,26988
10,13614,hispanic,14,female,70933
1,34230,asian,32,male,41014
10,12800,african american,0,female,62719
5,74669,other,33,female,70029
9,99279,hispanic,41,female,53502
10,53561,other,50,female,86715
6,17815,caucasian,56,male,81668
8,37449,asian,17,male,75309
10,20104,asian,52,male,93728
9,25740,caucasian,5,male,72645
10,90410,african american,25,male,82642
7,43231,other,55,male,91640
2,38964,hispanic,24,female,64672
3,24296,asian,49,female,45393
1,76071,hispanic,48,female,29789
1,78627,african american,43,female,86286
1,50087,other,0,female,17146
5,76227,caucasian,17,male,41238
5,55745,caucasian,14,male,10461
5,19662,caucasian,54,male,82272
7,62067,other,2,male,80161
4,60524,other,17,male,60189
6,12965,african american,26,female,77599
1,62108,african american,17,male,39600
9,68063,other,54,male,62950
4,59936,hispanic,13,male,44699
5,13418,caucasian,48,female,45262
6,59880,asian,38,male,41358
3,10849,hispanic,7,female,66629
2,65770,caucasian,30,female,68331
8,29328,other,23,female,66544
7,95811,hispanic,59,female,15362
2,58366,hispanic,41,male,32868
10,76027,hispanic,32,female,94028
2,64921,african american,20,female,73705
10,50492,hispanic,35,female,85801
8,22151,other,36,male,37374
8,72245,asian,3,male,58041
9,24847,caucasian,60,female,23423
5,76291,hispanic,2,female,66368
10,84293,asian,46,male,36362
9,21576,african american,23,male,28484
5,61626,caucasian,60,female,94327
3,45771,hispanic,55,male,44305
8,94537,african american,41,male,95445
3,90343,hispanic,21,male,38165
4,59204,other,28,female,96858
1,85667,african american,18,female,67010
4,89686,hispanic,55,male,51071
3,49494,african american,32,male,49818
9,84344,african american,50,female,91117
8,97479,asian,25,female,11488
8,39866,other,51,male,72556
4,57435,asian,36,female,86889
9,63156,asian,41,male,32203
8,90756,caucasian,14,female,17439
10,77970,african american,4,male,60202
6,62434,asian,57,male,79641
8,62433,african american,52,female,53699
7,37074,asian,13,male,89955
1,89815,caucasian,6,male,44866
9,90675,asian,3,female,29741
4,50994,caucasian,60,female,47603
3,71522,asian,57,male,10643
9,81721,african american,40,male,30418
8,80633,asian,7,female,82992
2,30922,caucasian,57,female,84498
7,11224,hispanic,0,female,87261
2,82625,other,39,female,28202
3,44303,caucasian,6,female,20409
1,89517,caucasian,56,female,12385
6,21707,hispanic,1,male,27935
1,96590,hispanic,36,male,55576
2,80942,caucasian,52,female,85148
7,28497,hispanic,58,female,17887
2,22748,african american,29,female,46074
2,12162,hispanic,57,male,77532
7,73351,african american,27,female,95747
3,31910,other,42,female,85034
7,98437,other,46,male,39742
3,27282,african american,48,female,38358
6,15254,african american,42,female,61082
10,96637,hispanic,56,female,83103
3,73233,hispanic,41,female,36041
3,40757,african american,14,female,17277
2,56185,caucasian,58,female,41882
8,75505,hispanic,48,male,57265
7,96009,hispanic,39,female,32415
1,80379,caucasian,21,male,73371
6,22856,caucasian,45,male,53708
6,37868,hispanic,20,male,53271
1,40013,hispanic,42,female,18231
8,71579,asian,38,female,44399
5,23324,african american,50,female,31782
9,19463,asian,45,female,29691
1,41597,african american,41,male,25271
6,14665,african american,12,female,34951
10,35230,caucasian,37,male,63026
4,84664,caucasian,33,male,23526
10,31151,other,46,male,76681
5,34944,other,57,male,91170
3,90870,other,42,female,92669
7,47684,african american,40,female,45162
1,78081,asian,28,male,92989
9,48380,asian,25,male,76368
1,55355,hispanic,23,female,48113
8,44644,african american,33,female,76437
3,43066,asian,47,male,30342
8,68699,hispanic,55,female,37831
1,31482,african american,60,male,97454
6,88457,other,57,male,17153
10,84465,hispanic,5,male,92770
3,17649,african american,59,male,28595
3,96853,african american,15,female,51391
2,70599,caucasian,24,male,65501
1,35271,caucasian,5,female,77704
3,10436,caucasian,22,male,43474
4,94834,african american,49,male,67785
2,73239,african american,21,female,21439
8,62691,caucasian,57,male,16002
7,17648,african american,60,female,53807
10,15365,hispanic,55,male,29717
8,16342,caucasian,37,male,23870
1,74855,asian,15,female,74600
9,98237,hispanic,47,female,48608
7,20275,other,30,male,72212
9,81852,other,57,female,57743
7,28625,african american,9,male,61063
6,37500,asian,7,female,46810
4,22975,asian,2,male,51030
8,65504,asian,12,male,38423
8,77959,other,48,male,11748
7,14364,hispanic,8,male,50578
3,55117,african american,59,male,28763
2,48198,african american,57,female,72539
8,40519,caucasian,42,male,30405
7,55601,hispanic,46,male,46984
10,53123,african american,32,male,53247
5,16054,asian,19,male,70721
6,68276,hispanic,55,female,95441
10,12663,african american,45,male,39287
5,34273,hispanic,9,female,27050
8,91298,hispanic,54,female,66012
3,72790,asian,60,male,60319
8,45553,asian,24,female,88777
1,21959,other,14,male,70734
2,36094,asian,21,male,31955
9,30133,caucasian,10,male,67878
8,62258,asian,14,male,47272
2,52972,other,56,male,80227
6,47934,other,31,male,98586
6,25419,other,33,male,61423
4,29816,african american,36,male,29359
1,55917,asian,57,female,64411
4,11275,asian,15,male,43247
4,11984,caucasian,56,male,52474
3,80675,hispanic,24,male,95794
7,90365,other,17,female,67004
4,17391,caucasian,6,male,19722
5,88062,caucasian,50,male,73107
9,34660,caucasian,59,female,35077
4,99152,caucasian,5,female,60246
1,47470,hispanic,17,female,87691
9,51049,other,23,female,15443
10,64092,asian,46,female,67629
7,39099,african american,10,male,80642
10,97424,hispanic,19,female,32148
1,31187,other,30,male,81138
7,21819,hispanic,44,female,90299
3,68388,asian,38,male,68509
10,79364,hispanic,5,female,99727
9,23842,caucasian,40,female,70434
5,67755,hispanic,44,male,46703
6,69583,asian,55,male,52477
10,90414,hispanic,30,female,63140
2,37076,caucasian,14,male,43845
4,90710,asian,55,female,41815
3,34233,hispanic,36,female,59678
9,22599,hispanic,41,female,27321
4,61533,african american,35,male,28337
9,71624,other,50,male,86772
3,58601,caucasian,23,male,13288
3,81459,caucasian,59,male,55534
5,27858,asian,40,male,87442
10,72090,other,16,female,23925
7,96868,hispanic,52,female,69333
6,43822,other,41,male,79066
8,35500,caucasian,56,male,66265
6,98052,african american,15,female,28282
8,64777,asian,4,male,36935
9,76293,asian,23,female,70933
5,40183,african american,16,female,69500
3,18962,caucasian,60,male,45248
2,66762,african american,46,female,61113
9,83470,african american,8,male,78335
10,68768,asian,4,male,12277
4,80995,african american,47,female,56598
3,81050,asian,49,male,27762
8,21342,asian,38,male,96770
8,35736,other,16,female,94056
1,89336,caucasian,57,male,38291
9,71477,asian,19,female,56865
5,99857,african american,47,male,42400
5,12796,african american,31,female,62791
3,14158,asian,45,male,21640
3,65679,african american,54,female,17506
6,68640,asian,21,male,73490
5,46841,african american,21,female,64012
2,12879,hispanic,27,female,25121
10,37731,african american,5,female,21542
8,14953,african american,26,female,79513
5,70012,african american,32,male,68917
5,17260,african american,40,male,42154
3,58858,hispanic,32,male,69744
9,62676,asian,53,female,27228
10,91361,african american,5,female,94754
6,19514,hispanic,23,male,85449
5,46134,hispanic,51,male,39517
7,59109,caucasian,14,male,76116
1,92108,other,3,male,75855
2,10025,caucasian,23,female,60164
10,69294,asian,13,female,66392
9,88176,other,39,male,14128
6,54552,other,32,female,57238
3,28955,caucasian,50,male,78424
9,83804,african american,26,female,83076
6,79957,other,14,male,47365
7,32852,african american,12,male,28488
3,95536,african american,53,male,83827
6,32596,caucasian,23,male,82602
4,28748,african american,11,male,49391
2,31371,asian,47,female,24922
1,44298,other,43,male,64090
4,87316,asian,54,female,57291
9,78535,other,16,male,44061
3,33700,other,37,male,12486
3,78524,hispanic,4,male,43230
8,23171,other,56,female,75723
7,26398,asian,49,male,53776
5,85557,hispanic,52,female,75811
5,85344,other,31,female,57443
7,67339,caucasian,15,male,98062
9,61151,caucasian,26,male,30983
4,58003,other,46,male,60126
9,78604,african american,36,female,82922
7,19539,african american,20,female,42010
5,94218,african american,15,male,61220
2,66554,caucasian,13,female,98399
5,77051,caucasian,13,female,59693
6,9358,caucasian,3,male,46516
10,41158,caucasian,32,female,79581
8,47096,asian,32,male,83319
6,78730,caucasian,7,male,13702
5,93491,hispanic,37,female,42945
5,54574,african american,58,female,33437
9,16280,african american,27,male,34886
2,94067,hispanic,18,male,97417
10,91523,caucasian,22,female,98633
1,76846,african american,42,male,64568
4,61568,other,25,female,70313
4,88210,asian,15,female,91510
7,74411,caucasian,43,female,32224
7,14475,asian,35,male,86484
2,56688,hispanic,57,female,61351
10,84863,hispanic,56,female,82433
3,65472,hispanic,13,female,41303
3,87471,african american,58,male,53591
9,10387,caucasian,52,male,41159
6,46597,hispanic,55,male,54604
9,87824,asian,14,male,59186
5,70780,african american,15,male,23878
8,91484,other,1,female,73597
10,36389,asian,2,male,36923
9,46931,hispanic,49,male,12079
4,56510,caucasian,46,female,77566
5,30806,asian,55,female,26217
7,22926,asian,51,female,78849
10,56032,asian,40,female,11118
4,42778,other,39,male,56301
4,35367,asian,42,female,69204
8,85365,african american,53,male,80606
2,9487,african american,45,female,53192
5,63116,caucasian,45,female,91293
10,39113,other,1,male,89845
4,99009,hispanic,47,male,59464
7,85961,other,3,female,49426
8,35901,caucasian,7,female,17327
1,20079,african american,60,male,81789
6,48873,african american,15,female,45332
6,72503,hispanic,19,male,77510
7,43566,african american,3,female,77507
6,79441,caucasian,60,female,35072
5,35741,other,59,female,39023
8,19514,hispanic,45,male,64315
9,87231,african american,7,male,79422
5,42849,african american,39,female,95258
6,19624,caucasian,42,male,65683
1,87667,african american,21,male,67058
9,16681,african american,15,female,25055
4,98429,hispanic,43,male,19185
10,84215,other,48,male,37281
3,47274,hispanic,51,female,91527
1,39233,hispanic,48,male,78235
8,65346,asian,15,male,97633
2,65027,caucasian,0,female,79169
1,67498,asian,35,male,71145
4,43919,other,23,male,40822
6,41590,caucasian,30,female,17668
10,19197,asian,25,male,39812
7,25320,african american,39,male,89144
1,12966,asian,60,female,70390
7,34727,hispanic,24,female,52042
3,67503,asian,60,female,63982
5,17653,asian,27,male,55955
4,37947,african american,60,male,12933
6,25838,other,40,male,20966
9,66508,asian,20,male,10162
3,80992,asian,32,female,45929
3,64514,other,57,male,93512
7,93989,other,40,male,95586
7,96120,caucasian,54,male,44569
7,44547,caucasian,46,female,31690
10,12551,caucasian,54,male,80533
4,71548,other,16,male,35882
9,17324,african american,20,female,13427
7,27008,caucasian,42,female,84976
5,88779,other,25,male,82492
2,19095,asian,29,female,10331
3,97912,other,2,female,93271
3,18194,caucasian,38,male,50714
9,41688,african american,28,male,56296
8,97438,african american,13,female,79017
8,24423,asian,41,male,29365
7,80125,hispanic,60,female,89233
1,82819,caucasian,42,male,82366
10,63003,other,12,male,91207
10,58785,other,35,female,14777
2,11368,hispanic,22,female,84930
1,66944,caucasian,45,female,67508
7,97111,african american,51,male,29570
2,28762,african american,44,female,32509
5,15312,hispanic,57,male,89165
5,35371,hispanic,37,female,84542
7,39210,other,4,female,70907
6,12216,african american,17,male,77913
6,49810,caucasian,26,female,29787
10,33055,asian,52,female,55197
3,92137,asian,5,male,98934
5,72100,asian,50,female,96857
9,44950,other,36,female,57930
7,32066,asian,55,male,57817
5,72825,african american,27,female,15684
8,51047,hispanic,26,female,61319
8,77784,hispanic,53,female,23661
9,39245,african american,18,male,45726
5,79599,caucasian,55,female,22614
9,61813,african american,18,female,48451
5,55389,caucasian,4,male,63231
8,76371,asian,28,female,68114
3,88569,caucasian,12,female,35337
10,21120,african american,30,male,91777
3,15430,asian,34,female,24745
3,39467,hispanic,1,male,52696
8,14015,other,36,female,86632
6,34925,other,25,female,44309
5,56996,african american,60,female,77956
10,21588,caucasian,56,male,13819
6,64963,asian,5,male,10253
8,53681,african american,28,female,44960
4,57296,asian,47,female,44413
3,48464,hispanic,15,male,53527
9,69774,african american,45,male,34448
7,94942,asian,22,female,37550
5,33441,caucasian,11,female,59974
3,33044,asian,48,female,21596
10,26572,african american,19,male,16909
7,32373,other,25,female,27287
2,31819,other,42,male,95516
7,92816,asian,0,male,80247
1,63621,asian,27,female,23541
2,73817,caucasian,32,female,89083
8,55569,african american,1,female,24699
6,65324,hispanic,21,male,37948
10,15737,hispanic,41,male,28694
3,86515,asian,46,female,16093
1,60391,caucasian,49,female,47465
7,42703,african american,17,female,82444
6,98050,other,37,female,24375
9,53266,asian,4,male,47134
1,12545,hispanic,49,male,59663
10,19798,other,60,male,22057
6,78159,asian,47,male,96472
7,64528,asian,60,female,20209
8,94141,hispanic,57,female,79350
10,76041,asian,58,male,27876
9,85052,african american,0,female,80014
7,99400,other,46,female,78649
8,13649,african american,53,female,55557
8,60450,african american,47,male,76021
7,92560,other,43,female,82004
9,73969,hispanic,24,female,68395
8,84870,asian,6,female,77689
2,39379,african american,38,female,84070
3,80474,caucasian,24,female,95703
8,96840,other,27,male,94055
5,39598,hispanic,9,male,18702
4,63684,african american,57,female,61650
4,65768,other,15,female,62154
9,45622,asian,36,female,92892
6,19272,other,45,female,12363
6,91039,caucasian,16,female,21171
3,39581,caucasian,44,female,85153
3,99486,african american,54,male,23081
6,89209,african american,19,female,54386
7,87785,caucasian,26,female,77970
3,22679,caucasian,16,female,70754
5,63463,african american,40,female,10751
8,75356,asian,8,male,13020
2,16974,hispanic,51,female,33066
1,19056,african american,14,female,13119
8,20503,hispanic,10,female,52710
5,30436,african american,43,female,52187
3,57284,asian,25,female,95672
10,82745,asian,1,male,48260
2,41928,other,58,male,87299
7,59478,other,51,male,34970
6,34852,asian,1,female,13479
7,58307,african american,28,female,18641
4,40488,caucasian,56,male,26132
9,18258,african american,44,male,30858
2,60167,hispanic,5,male,98165
8,11613,hispanic,35,male,67379
7,62017,caucasian,55,female,77628
7,48170,other,6,female,94754
4,26490,hispanic,31,male,60414
8,22148,african american,7,male,16529
4,99050,caucasian,57,male,74891
5,82207,other,26,female,72105
8,39910,asian,18,male,10293
1,98023,african american,39,male,55181
10,73669,asian,14,female,50338
6,31220,asian,44,female,36651
2,61559,asian,26,male,71277
2,97990,african american,17,male,83513
7,22141,asian,52,female,75669
3,13178,african american,16,female,58717
1,52123,other,44,male,92045
9,61725,asian,39,female,57988
3,52946,hispanic,24,female,85702
9,9350,hispanic,56,female,22372
7,75861,asian,52,male,31989
4,18999,asian,44,male,69298
6,64174,other,41,female,49494
1,39308,african american,39,male,55630
2,45319,other,17,male,91385
5,28001,african american,11,female,35421
2,46201,african american,12,male,72658
6,23647,hispanic,49,male,57466
6,85618,hispanic,44,male,88938
3,51293,asian,6,female,98077
2,82570,asian,17,female,65173
4,59840,hispanic,30,male,47283
10,9602,african american,32,male,12204
5,24202,other,50,female,78068
3,29228,asian,13,male,60618
3,78492,hispanic,32,female,80850
6,28049,asian,46,female,69733
7,76260,hispanic,11,male,35328
4,79690,other,38,female,69329
5,72519,asian,32,female,99485
5,10506,asian,8,male,14983
3,14031,caucasian,4,female,96256
4,65124,asian,35,male,78244
10,69273,hispanic,38,female,89301
8,47921,asian,29,female,34615
5,94123,other,18,male,26189
1,68588,hispanic,42,male,90170
10,78987,caucasian,15,female,93120
6,85474,african american,29,female,11507
9,79109,asian,25,female,51216
9,52876,caucasian,46,male,59771
4,10555,hispanic,45,female,30936
8,33519,asian,7,male,70165
4,43790,hispanic,43,female,70596
8,73755,asian,13,female,65304
4,63325,caucasian,17,female,88085
9,43172,asian,40,male,67643
5,16768,other,31,male,25645
5,77239,african american,59,female,27322
9,9565,asian,36,female,83515
7,83165,caucasian,37,female,46949
4,42914,african american,27,male,34095
3,32030,caucasian,53,female,19621
5,98703,asian,12,female,20520
5,47643,caucasian,59,female,65754
10,59917,caucasian,47,male,54271
5,24888,hispanic,7,female,55869
5,72954,african american,5,male,22083
2,51247,caucasian,20,female,55791
9,90800,hispanic,3,male,85166
8,39658,hispanic,2,male,74037
9,24403,caucasian,28,female,49047
8,40723,hispanic,35,female,73969
9,58807,hispanic,2,female,89915
1,23170,hispanic,31,male,76982
7,35143,hispanic,10,female,94227
2,52999,caucasian,54,female,16883
7,98559,hispanic,47,female,88092
4,39384,other,27,male,76531
8,59225,hispanic,12,female,36476
6,60838,other,37,male,38031
7,10544,asian,47,female,83443
7,20555,african american,32,male,51666
6,62525,asian,40,female,66278
1,10701,other,3,female,73969
9,23407,other,37,female,83089
6,44049,caucasian,19,male,73959
4,47780,asian,56,male,68873
3,97319,hispanic,53,female,59555
8,47792,hispanic,13,female,62677
3,86356,other,34,female,41043
6,93718,african american,44,male,86771
5,93275,african american,16,female,48405
3,22238,african american,51,female,17141
9,60932,asian,32,female,67075
8,43679,other,35,female,73820
2,60434,hispanic,39,male,11306
10,92471,other,21,male,49713
5,52655,hispanic,4,female,22394
8,90360,hispanic,43,male,16313
10,52506,other,52,female,97266
7,55845,hispanic,34,male,93696
2,76906,asian,19,female,32310
10,74636,other,9,female,34941
2,17029,other,35,male,50684
10,25228,african american,3,female,39677
9,57038,other,6,female,68414
4,51289,african american,4,male,77318
5,42357,african american,4,male,63733
6,55510,african american,46,male,81576
2,59352,african american,6,female,21957
4,98715,caucasian,27,male,74168
5,77893,african american,10,female,67862
9,10966,african american,51,male,62723
5,76948,caucasian,5,female,60795
1,41471,asian,36,male,50987
1,58493,other,33,male,44764
5,20397,other,24,male,51988
10,18527,asian,23,female,10455
3,18992,caucasian,29,male,54064
9,29797,other,28,female,13543
8,48554,caucasian,38,male,80267
2,62372,asian,55,male,50211
5,56080,asian,59,female,91942
1,77550,african american,15,female,78916
6,25348,caucasian,28,female,44434
5,22341,other,2,male,51273
2,55648,caucasian,16,female,94057
6,50210,hispanic,27,male,80804
7,91233,asian,48,male,27294
6,68109,hispanic,57,female,18979
9,88816,asian,57,female,16896
7,98640,caucasian,4,male,40596
9,30781,other,35,male,39906
5,69926,other,16,female,17479
6,89082,african american,40,male,17645
1,33610,caucasian,1,female,21845
1,72500,african american,47,male,83392
1,70430,other,30,male,42039
7,86815,other,45,female,88976
7,58012,other,36,female,19318
5,70162,hispanic,30,female,62693
9,88211,african american,29,male,36916
8,44044,caucasian,9,female,79688
3,35619,african american,17,male,57839
9,55578,caucasian,38,female,32420
7,78596,other,12,male,25138
7,86212,other,18,male,64277
3,29828,asian,42,male,87642
10,14465,asian,26,male,28307
8,35051,african american,24,female,15228
2,99055,other,37,male,70081
7,72966,hispanic,2,male,98659
1,27236,african american,38,male,27503
7,44739,other,0,male,38324
10,32135,african american,52,male,40642
8,40367,african american,14,male,84177
10,33796,other,35,male,17877
6,95700,asian,58,female,22849
6,22221,caucasian,53,male,27005
7,20691,hispanic,33,male,90360
2,70342,other,56,female,59541
8,47904,caucasian,50,female,29041
3,67065,african american,53,male,95369
10,52997,other,25,female,14103
3,18543,hispanic,21,female,77123
10,41891,asian,23,female,38091
9,13873,other,37,female,81258
6,41349,african american,2,female,88990
1,18227,asian,17,female,51891
2,77017,caucasian,17,male,31920
9,49130,african american,49,male,24920
8,38897,hispanic,48,male,66017
9,83288,hispanic,4,female,70548
5,18973,caucasian,2,male,32979
6,26633,asian,46,male,86039
10,73189,other,8,male,44319
4,94397,other,58,male,94827
8,59717,caucasian,28,female,87825
4,72090,asian,36,female,65748
5,46993,caucasian,11,female,41728
8,70750,african american,27,male,59175
10,37359,hispanic,48,female,23840
7,86451,caucasian,8,male,62522
2,41191,asian,19,male,28803
9,61086,hispanic,2,male,70471
10,95803,african american,18,female,88616
3,33080,caucasian,32,female,35200
2,57380,hispanic,23,female,19605
4,96519,african american,34,female,40449
6,41100,asian,0,female,55645
8,31659,caucasian,7,male,14216
6,10870,other,18,female,56194
9,78982,other,59,female,55942
7,92852,african american,59,female,73957
10,54464,other,18,male,42955
6,20684,hispanic,11,male,69360
10,73960,other,55,male,43275
9,61548,african american,37,female,31308
6,49641,asian,50,male,39677
5,20084,hispanic,18,male,91653
1,9785,asian,28,male,66147
4,98192,hispanic,56,female,95779
2,46856,african american,55,female,78816
10,98113,caucasian,45,female,61855
10,23220,hispanic,14,male,56315
4,64561,hispanic,28,male,45709
7,12694,other,29,male,21395
3,13352,asian,46,female,10631
6,86224,other,9,female,98447
10,20583,hispanic,46,female,34348
7,47849,other,29,female,75328
7,20705,asian,31,female,22094
9,61492,other,8,male,88069
8,95992,asian,55,male,75178
6,86866,other,30,male,68245
3,52319,other,3,male,66336
1,24695,african american,36,male,41861
10,33592,caucasian,53,male,79904
7,12375,hispanic,55,male,18457
4,50664,other,49,female,86558
10,73277,african american,46,male,79642
3,10861,hispanic,26,female,54831
10,50626,asian,28,male,30999
7,50497,african american,18,female,55446
8,14554,african american,39,female,76429
3,54201,caucasian,12,female,26527
7,30499,african american,46,male,24632
6,67955,african american,9,female,26103
6,14813,african american,22,male,54426
10,30792,african american,28,male,68302
4,57107,other,47,male,29992
8,54675,caucasian,57,male,90625
4,77262,asian,49,female,38131
7,46098,african american,5,female,76565
9,96298,caucasian,44,male,45763
3,10557,caucasian,39,male,64286
8,15991,asian,40,male,40720
6,9254,caucasian,0,male,68205
10,68972,african american,20,female,88367
2,58179,asian,43,male,38941
4,24036,asian,20,male,99154
10,38958,caucasian,22,male,18423
5,45550,caucasian,44,male,35968
2,98172,asian,40,male,73645
5,43983,african american,1,female,85963
9,57227,caucasian,2,female,54262
7,93456,asian,53,male,16451
6,91189,hispanic,38,female,76808
2,99797,african american,34,male,19123
6,93545,hispanic,10,male,78098
4,18272,other,6,female,11591
5,98839,caucasian,20,male,88144
6,21921,hispanic,50,male,85052
6,52240,asian,36,male,79320
6,67019,asian,59,female,75904
2,29984,hispanic,39,male,96267
1,44106,other,59,male,69629
1,13723,other,27,male,90872
1,97500,hispanic,9,male,11934
10,32458,caucasian,53,female,84561
3,79197,african american,50,male,82608
9,88391,caucasian,23,female,96563
7,40395,african american,29,female,83261
1,36562,other,39,male,99392
2,83998,african american,53,female,47499
7,80061,asian,32,male,36652
9,18696,asian,59,male,27942
2,35095,asian,0,male,35493
6,39740,hispanic,28,female,74997
6,49824,other,54,male,46816
5,81803,other,50,male,42404
7,41274,asian,26,male,56580
10,80859,hispanic,22,male,77981
1,54036,caucasian,52,male,52483
2,31084,caucasian,1,female,64581
9,21201,caucasian,32,male,15830
3,84223,african american,38,female,16483
8,55228,other,49,male,34067
8,31162,hispanic,0,female,71117
1,25041,caucasian,41,male,22448
7,35655,african american,55,female,86196
8,50467,other,4,male,78266
4,40030,other,14,female,89524
4,20371,african american,59,female,57429
7,51664,african american,55,female,13998
8,43500,african american,38,male,15993
7,66753,asian,26,female,91403
3,24186,other,48,female,51378
8,81283,caucasian,48,female,49108
1,68470,caucasian,8,female,68340
7,15144,hispanic,56,male,83665
8,16233,asian,7,female,98922
4,69043,other,1,female,48439
9,40653,african american,42,female,88801
10,10053,asian,11,male,36934
8,97462,african american,34,male,98350
5,83188,other,35,female,73907
10,60047,african american,26,male,54515
2,18301,hispanic,5,male,58931
1,38009,other,56,male,98293
7,32391,asian,20,female,57180
4,48533,hispanic,43,male,44171
2,25937,caucasian,11,female,54460
8,39371,asian,43,male,38286
5,19185,african american,37,male,89030
1,69273,asian,23,male,29227
4,60014,african american,3,male,14523
7,48579,african american,60,female,81170
8,67732,caucasian,1,female,63444
9,46112,african american,33,male,62398
1,75941,other,43,male,85366
4,37970,african american,50,male,14096
6,18703,african american,38,male,27785
9,44077,caucasian,52,female,28191
8,59126,hispanic,15,male,35933
3,44708,hispanic,54,female,66188
3,54215,caucasian,25,female,96311
2,70467,other,33,male,78822
9,77263,caucasian,0,male,58643
6,58475,caucasian,60,male,15801
8,88575,hispanic,5,female,27604
2,89845,african american,36,male,41334
7,71506,other,1,male,42082
6,96968,caucasian,44,female,53728
3,89344,other,10,female,21361
5,62448,african american,6,female,96227
9,39068,other,17,female,32099
9,92557,hispanic,4,female,57610
5,43456,other,50,male,89382
7,63568,other,52,female,58892
4,9837,hispanic,26,male,46354
7,28116,asian,3,male,52621
1,9880,caucasian,25,male,98727
7,87244,other,25,female,19498
10,86609,hispanic,44,male,97347
5,17360,asian,17,female,57841
7,25523,african american,42,female,21126
4,35002,asian,39,male,80453
1,32166,hispanic,35,male,47484
6,65308,african american,46,female,10989
7,93385,caucasian,14,female,64865
9,35867,african american,3,female,24552
5,39272,other,42,male,12776
9,43277,hispanic,17,female,95104
6,34187,hispanic,60,male,68992
5,10921,african american,20,male,85951
7,20185,hispanic,32,male,31442
4,99107,caucasian,26,female,27946
9,11592,asian,33,male,33010
3,28808,other,18,female,22692
9,75358,caucasian,50,female,57114
9,16496,caucasian,18,male,42422
2,15369,hispanic,60,male,24661
2,77124,asian,14,female,22715
9,98213,asian,23,male,82404
10,78114,asian,8,female,71150
4,90333,asian,6,female,16648
8,65341,african american,49,female,33871
9,47511,asian,17,female,43668
10,44529,caucasian,40,female,69219
8,71682,african american,1,male,10339
5,36705,hispanic,3,female,97421
9,33757,asian,51,female,50815
1,81427,african american,22,male,67008
5,89124,hispanic,60,female,49882
1,46580,caucasian,59,female,29006
8,23466,other,37,male,13116
1,24897,asian,8,female,29459
8,57857,caucasian,0,male,96940
8,53460,hispanic,54,male,69399
10,30813,asian,16,female,60127
9,21457,hispanic,12,female,18215
10,70776,caucasian,21,female,98388
7,79166,asian,36,male,24579
3,98890,caucasian,40,female,45446
5,35130,hispanic,10,male,50933
10,63190,asian,51,male,71624
6,56084,other,36,male,40932
10,52516,african american,50,male,69689
5,25955,hispanic,36,male,27128
3,30305,african american,7,male,88332
4,80244,asian,55,female,38724
2,47405,asian,31,female,82838
9,24785,other,10,male,70701
4,11195,caucasian,50,male,73786
1,50544,asian,41,female,54348
5,24217,hispanic,31,female,13857
3,38003,asian,21,female,51080
9,89627,asian,5,female,14184
10,42794,hispanic,31,male,32517
9,62023,hispanic,57,male,73915
10,36389,asian,36,male,24058
4,68889,hispanic,60,male,55419
7,38510,caucasian,44,female,88396
7,43929,african american,6,female,31392
3,64257,african american,20,male,20754
2,88523,african american,17,male,86326
1,34379,caucasian,4,female,40575
3,44522,african american,31,male,75246
3,73385,other,28,female,70199
6,54085,caucasian,59,male,25020
3,49563,african american,22,male,12573
8,52206,asian,22,male,45404
10,26934,caucasian,54,male,76122
10,85156,caucasian,50,female,20602
3,22831,african american,59,male,87917
3,51874,caucasian,58,male,14837
4,46408,african american,8,female,49678
10,61341,caucasian,15,female,89524
8,98061,african american,31,male,68673
6,45946,caucasian,54,male,30614
1,53006,other,19,female,23563
4,44426,african american,12,female,62573
10,99736,african american,50,female,55684
2,30687,hispanic,14,male,93573
7,80677,other,5,female,71837
7,45016,caucasian,33,male,48557
9,61135,caucasian,34,male,62607
5,26777,caucasian,41,male,88591
10,16655,african american,45,female,41409
5,31523,caucasian,43,female,67365
2,95713,asian,50,female,37796
9,43720,asian,54,female,64756
5,93748,other,49,male,86582
1,75584,hispanic,21,female,42227
4,82412,asian,60,female,53100
2,78671,asian,7,male,40588
10,46995,asian,8,female,72732
10,56209,hispanic,4,male,95935
7,81453,asian,37,male,38448
2,30238,other,37,male,49692
7,86380,asian,39,male,31692
1,35721,african american,26,female,22660
2,14707,other,16,female,80814
5,84287,other,36,male,23903
6,97702,other,26,female,40909
1,18327,hispanic,30,female,63466
3,34421,hispanic,42,male,78565
3,93311,caucasian,47,male,31303
5,20114,asian,43,male,30142
10,74735,african american,35,female,86392
1,70845,caucasian,15,female,82158
3,19947,caucasian,17,male,81678
8,69304,hispanic,4,male,12855
2,46364,other,35,female,90669
4,14444,african american,45,female,27985
4,97514,caucasian,7,female,60917
6,42688,african american,39,male,47285
2,45437,asian,42,male,75562
7,49949,african american,43,male,52290
6,24377,other,8,female,25761
6,69959,other,31,female,69544
7,65997,african american,43,male,63268
3,82301,other,36,female,41097
3,74610,african american,33,male,54616
2,44857,caucasian,14,male,53859
1,56130,hispanic,33,female,56308
2,79739,african american,58,female,19196
8,62728,hispanic,4,male,16022
5,10078,asian,6,male,87901
3,58599,hispanic,15,male,18274
7,50432,caucasian,55,male,13607
10,36469,caucasian,29,female,90378
7,17897,african american,58,male,75410
5,53636,other,40,male,91313
5,25938,hispanic,20,female,48492
8,40650,african american,46,female,85345
2,98734,asian,27,male,32469
4,9056,hispanic,48,female,35991
10,32749,asian,14,female,16178
2,16247,other,23,male,86288
7,91159,caucasian,24,male,49065
6,53012,other,20,female,38558
3,85878,caucasian,52,male,26655
7,66495,african american,29,male,85525
5,97009,african american,32,male,16999
10,34151,african american,45,female,60828
9,15545,asian,38,female,16744
6,39730,other,60,male,97373
10,46180,asian,55,female,86035
2,38141,african american,47,female,26305
10,42704,asian,48,male,21075
4,91215,other,22,male,48064
4,35949,caucasian,16,male,83094
6,39405,asian,46,female,68635
3,58060,caucasian,3,male,17679
10,43779,asian,43,female,47265
10,64302,asian,23,female,59738
7,55179,other,2,female,55536
6,90182,asian,23,female,67140
1,89102,african american,24,female,65799
7,67901,caucasian,15,male,40597
3,53406,caucasian,18,male,53147
7,76948,african american,38,male,16545
1,27646,other,58,male,30398
1,36624,other,36,male,87607
1,37129,african american,16,female,78160
3,51371,asian,39,male,10139
10,32437,other,46,female,39430
4,50074,other,6,male,18666
8,71590,caucasian,56,male,78619
9,96235,asian,31,female,48873
8,52717,african american,44,female,27949
1,37812,other,17,male,64323
10,31654,other,51,male,56711
4,39978,hispanic,28,female,48532
8,38670,asian,18,male,41120
7,88998,other,27,male,11929
3,10718,asian,10,female,30161
9,94458,hispanic,18,male,94935
3,13340,asian,35,female,60635
8,87484,african american,48,female,78353
4,79261,other,15,male,33671
1,33291,other,35,female,50241
4,91217,caucasian,34,female,36695
7,37435,hispanic,8,female,99908
7,50911,asian,6,female,14399
8,20939,hispanic,39,male,40138
10,32971,caucasian,53,female,59272
1,38983,caucasian,12,female,29180
7,63068,other,54,male,37954
6,94843,african american,12,male,60910
4,40313,asian,33,female,71713
9,18357,asian,5,female,34841
9,77191,caucasian,58,female,26312
5,64390,african american,3,male,52509
3,48987,hispanic,44,female,54750
10,41286,african american,41,male,44916
9,67371,hispanic,45,male,36456
7,74668,hispanic,15,female,19899
8,31967,hispanic,26,male,98553
6,82809,asian,20,male,43576
3,12400,other,19,male,54447
3,9955,asian,13,female,79253
3,38099,hispanic,23,female,48238
1,55940,hispanic,50,male,65926
8,25635,hispanic,38,female,70603
1,52100,asian,33,female,46412
3,45337,hispanic,48,female,30688
4,82785,hispanic,32,male,22292
2,35131,african american,35,male,59313
9,28323,african american,7,male,15069
2,86738,hispanic,51,male,38040
6,42616,hispanic,52,female,12050
6,27520,caucasian,39,female,18103
9,26664,hispanic,6,female,26321
7,94100,hispanic,53,female,94118
2,78860,other,58,female,75529
9,40737,hispanic,16,female,99536
7,64595,other,46,female,30089
5,69144,african american,44,female,93929
8,73701,african american,54,female,92711
5,25987,other,9,male,21458
6,90333,caucasian,13,female,14178
9,84088,asian,57,female,66389
1,53036,other,49,male,29956
5,40217,other,38,male,78168
10,79392,african american,40,female,63652
3,22462,african american,9,male,17703
9,97771,asian,8,male,82899
5,92369,other,30,male,22138
7,88664,asian,46,female,57725
8,95459,caucasian,21,female,11426
9,66153,african american,25,male,61402
7,48871,caucasian,6,male,33466
5,87734,other,24,female,14321
2,43451,other,22,male,11323
7,16470,asian,34,male,34393
3,50873,african american,47,female,86745
1,42254,african american,47,female,35544
8,71153,other,57,female,29107
2,30003,caucasian,49,male,24468
2,48205,asian,13,female,27060
3,30068,african american,36,female,14149
3,21093,african american,14,male,25747
9,38739,asian,45,female,69663
1,76571,african american,28,female,74424
6,38497,hispanic,0,female,73248
6,94591,hispanic,19,male,37050
10,97493,hispanic,55,female,14100
1,19614,other,32,male,43884
4,57968,hispanic,3,male,35647
1,97946,other,43,female,48530
4,9771,hispanic,44,male,66182
3,97418,hispanic,44,female,77228
4,84571,african american,26,male,12770
10,42755,hispanic,45,female,61711
5,58493,caucasian,30,female,95910
4,24582,hispanic,39,male,46470
7,41822,other,45,male,35924
7,12917,caucasian,43,male,42362
6,46600,hispanic,35,male,85240
9,31250,caucasian,59,female,40629
1,34952,hispanic,26,female,35292
10,48810,african american,27,male,18968
5,10685,african american,29,female,30177
7,97186,asian,9,male,28631
10,9229,asian,26,male,15864
5,58129,caucasian,45,male,60832
4,15135,hispanic,5,female,31668
10,33968,asian,12,male,13622
7,44121,asian,33,male,92353
1,49102,other,53,male,36660
5,66501,african american,31,female,21125
3,70983,asian,2,female,28501
1,29456,african american,38,male,38656
2,9799,hispanic,52,male,90735
5,24931,caucasian,33,female,50732
4,98766,other,20,female,71160
4,31875,caucasian,55,female,53548
9,63204,other,44,female,52417
1,44439,caucasian,44,male,48972
6,29518,caucasian,53,male,57353
8,51358,african american,56,male,85563
7,13522,asian,58,male,69922
7,72515,asian,27,female,75981
5,61165,other,12,male,85318
2,41364,caucasian,37,female,38632
5,91962,other,55,female,92589
1,61843,african american,20,male,75345
4,79125,other,22,male,80697
8,46278,african american,50,female,28178
1,16410,caucasian,23,male,87058
3,34185,hispanic,17,male,65423
3,76675,other,35,male,11154
1,26363,asian,47,female,96442
6,42824,asian,19,male,43929
4,9634,hispanic,23,female,32216
9,14325,caucasian,39,male,66938
5,61435,caucasian,14,female,62088
5,16241,other,12,male,25628
5,45614,caucasian,58,female,42991
6,20308,african american,13,male,62028
6,84492,other,4,male,84235
5,58223,asian,25,female,43541
3,48946,hispanic,38,male,19980
9,83496,caucasian,5,female,12336
10,52505,hispanic,46,female,28315
2,32916,asian,43,female,41929
2,93106,caucasian,13,male,14089
1,12479,asian,3,female,37070
2,14251,asian,10,female,47549
3,97953,asian,20,male,35862
8,67921,african american,58,female,60293
6,55816,caucasian,16,male,53874
4,38044,african american,21,male,27589
8,11598,other,31,female,29921
9,23348,caucasian,51,male,51863
10,62931,african american,15,female,27427
9,20097,asian,40,male,74619
3,60937,african american,45,male,73805
1,71512,asian,9,male,44900
4,9007,african american,5,male,12157
5,81898,other,42,female,75111
5,27050,hispanic,55,male,97392
9,96695,asian,59,male,52140
4,65406,other,48,male,15579
3,98329,asian,52,female,42170
7,61496,caucasian,60,female,37914
1,82086,african american,45,male,72475
2,70327,hispanic,17,female,59956
4,75446,african american,16,male,95611
2,92484,asian,47,female,13336
6,35886,caucasian,45,male,44577
1,67813,hispanic,2,female,88622
9,65585,african american,10,female,24907
8,83295,asian,14,male,71410
10,72611,caucasian,17,male,38915
8,42722,asian,3,female,73163
6,84157,asian,52,female,96547
7,79377,other,34,female,41789
9,21046,other,58,male,42878
1,69794,other,47,male,88559
4,73108,hispanic,35,male,82139
3,81151,african american,48,male,25772
4,10880,hispanic,30,female,57678
7,40858,asian,23,male,99408
10,72988,african american,14,female,67646
1,51568,hispanic,51,female,14792
9,12694,other,60,male,85889
3,87174,caucasian,59,male,42892
3,34588,hispanic,41,male,84850
3,17590,asian,44,female,40278
8,70064,other,58,male,26857
4,13142,asian,25,male,60595
2,35490,caucasian,30,female,34598
1,89756,african american,56,female,36665
1,44238,caucasian,13,female,99249
1,74097,other,47,female,79130
7,35030,asian,40,male,91736
8,87476,caucasian,46,male,61588
5,37513,african american,8,male,72928
10,52347,other,29,male,74364
10,57416,caucasian,4,female,60352
9,88645,other,36,female,86779
10,48223,hispanic,2,male,74254
3,29229,caucasian,50,female,97334
5,45796,african american,29,male,40149
8,30538,african american,8,female,24042
9,11070,asian,20,male,79166
9,50540,hispanic,7,male,97014
9,62025,african american,36,male,79708
8,26974,hispanic,26,female,80994
7,21112,hispanic,13,male,45886
9,54487,asian,38,male,30374
10,34717,african american,50,female,72628
10,67589,asian,19,female,52910
7,18268,other,28,female,26158
4,90141,other,55,female,34664
5,82449,african american,20,female,27505
1,17275,african american,12,male,30079
1,36505,caucasian,35,male,37325
6,60212,caucasian,50,female,91238
5,24083,hispanic,19,male,76365
1,90681,caucasian,8,female,83106
2,9961,asian,26,female,46351
4,53465,asian,43,female,87393
10,16100,other,13,female,89606
5,68570,caucasian,56,female,99034
5,39966,other,53,female,54444
9,87022,hispanic,26,female,47713
7,64190,african american,20,male,41909
3,44585,caucasian,50,female,72535
3,74899,other,55,male,44497
7,82560,other,16,male,25370
4,24129,african american,23,female,45613
1,55584,hispanic,6,male,68951
2,36447,african american,57,male,17082
1,77104,caucasian,41,female,56548
2,64555,hispanic,31,male,46497
8,81121,asian,21,female,75500
4,14863,other,3,female,22187
6,35137,caucasian,6,male,71446
9,79781,asian,44,female,58100
4,39637,african american,43,female,71104
4,40306,caucasian,32,female,62068
6,17114,african american,49,female,22993
7,94434,other,42,male,18086
3,71811,caucasian,2,male,93495
8,86795,african american,5,female,67030
3,17922,african american,57,female,79458
9,70529,caucasian,46,female,53792
5,55238,other,21,male,78544
6,68891,african american,49,female,85240
2,10953,hispanic,12,female,16363
7,23093,hispanic,34,female,43083
9,22789,other,56,male,75836
9,33629,other,31,female,17424
5,95618,african american,6,female,76114
6,85796,hispanic,43,male,49918
9,16520,hispanic,42,female,83840
7,60820,african american,37,male,90946
3,57407,hispanic,44,male,68595
3,10605,hispanic,47,female,75821
8,9242,african american,41,male,13131
3,42439,other,9,female,49482
4,19067,african american,47,male,18513
10,27940,asian,25,female,54917
8,12320,asian,3,female,79628
10,73821,african american,51,female,44523
8,86009,caucasian,0,male,89717
10,20228,hispanic,10,female,47888
3,26999,hispanic,1,female,88099
1,19248,african american,37,male,77095
9,96688,hispanic,0,female,50548
2,66016,hispanic,51,female,44665
9,87147,hispanic,5,male,54751
6,50951,other,51,male,89039
7,79139,other,12,female,31646
2,48651,caucasian,42,female,62423
5,17036,hispanic,12,male,28582
7,16694,african american,20,female,15422
4,43682,asian,18,female,27290
7,90667,hispanic,35,male,50292
9,36159,other,40,female,55682
3,75329,hispanic,50,female,75074
6,9436,other,8,female,85794
9,87926,african american,28,male,69997
8,99398,hispanic,22,female,86582
6,41089,asian,22,male,70227
10,63590,asian,4,male,27463
1,44986,hispanic,36,male,81412
7,33261,caucasian,56,female,19201
6,75592,caucasian,48,male,28003
5,48173,caucasian,22,female,61625
6,23877,hispanic,55,female,26626
9,98589,hispanic,4,male,34654
5,11325,other,27,male,63518
2,29966,hispanic,29,female,88279
10,11927,hispanic,53,female,51580
4,92417,other,15,female,63875
8,65933,other,52,male,88085
4,81525,asian,38,female,20199
7,59331,other,49,male,96052
7,90938,caucasian,33,female,66993
3,21017,african american,31,female,81170
7,18642,hispanic,33,male,31593
4,97401,other,9,male,94460
10,52753,caucasian,60,female,16627
4,93553,asian,8,female,25498
10,73274,caucasian,11,male,55051
4,79051,hispanic,52,female,86126
5,58141,hispanic,60,male,71367
7,91747,african american,12,female,92613
6,66409,asian,40,female,82625
6,62451,other,37,male,40816
2,73950,other,36,female,62554
8,27078,hispanic,41,female,67427
7,96356,asian,12,male,46817
8,34892,asian,30,male,26237
10,25531,african american,29,female,32645
7,21541,asian,37,female,88371
2,39963,asian,46,female,85820
8,89125,asian,51,male,50322
3,11992,hispanic,16,male,35818
9,34142,hispanic,37,male,83009
9,86456,african american,8,female,84184
2,79687,hispanic,12,female,71481
8,99067,other,47,male,66223
6,73326,asian,8,female,20310
6,53133,african american,51,male,37302
5,42182,hispanic,11,female,21254
3,73749,hispanic,41,male,80256
6,98010,hispanic,43,female,69829
6,91052,caucasian,3,male,54385
5,59057,african american,44,female,98034
5,37422,asian,24,female,95588
1,36877,african american,13,male,98630
8,36361,hispanic,6,male,24910
5,15301,caucasian,56,female,95617
9,82653,hispanic,55,female,91317
5,52329,asian,18,male,50863
6,94989,asian,9,female,25872
2,61182,hispanic,12,male,33958
1,17179,african american,12,female,94882
5,36457,caucasian,41,male,12431
7,44851,hispanic,47,male,95899
4,60546,other,43,female,63714
5,63503,african american,40,male,72771
3,20366,asian,14,female,37368
3,46103,other,40,male,53291
4,15944,african american,24,female,76709
10,25998,asian,56,female,99966
2,93005,hispanic,15,female,23269
3,27134,african american,25,female,35566
4,59099,african american,41,male,63818
6,44379,hispanic,57,male,30508
5,16234,hispanic,39,male,32393
8,40047,african american,47,female,79328
3,67077,caucasian,5,male,93047
7,44725,other,27,female,46126
10,27596,hispanic,15,female,61705
8,44523,hispanic,17,male,47932
8,62819,african american,51,female,10034
10,72213,african american,34,male,71055
6,30104,caucasian,36,female,82494
7,77000,african american,46,male,35588
7,48054,african american,39,female,15291
1,78141,caucasian,34,female,69964
4,62730,caucasian,50,female,93357
6,58520,caucasian,4,male,34917
10,33959,asian,60,male,37878
10,18940,hispanic,41,male,88822
4,88688,hispanic,17,female,55275
2,17598,african american,30,male,25504
9,47732,caucasian,25,female,64364
5,15670,other,47,male,49270
3,72045,caucasian,49,male,19409
8,94733,caucasian,48,male,79237
8,51687,african american,41,female,67660
1,29775,african american,15,male,58461
10,77984,hispanic,0,female,17727
3,65832,hispanic,58,female,73021
10,23799,asian,55,male,25986
5,51846,other,51,female,29423
9,43102,caucasian,18,male,70549
5,51043,other,44,male,68835
5,97927,african american,38,male,80743
4,66038,asian,7,female,86998
5,46878,other,26,male,82027
7,28660,hispanic,5,male,43821
7,81235,african american,7,male,55396
1,45237,african american,56,male,33244
2,9053,hispanic,7,male,45508
4,53349,hispanic,53,female,23225
8,74082,hispanic,34,female,54863
1,80256,caucasian,38,male,37985
8,84152,hispanic,5,female,25305
4,57882,hispanic,38,female,40670
2,64890,other,35,male,36919
6,90605,caucasian,12,male,88386
7,56914,hispanic,2,female,65933
7,75336,caucasian,47,male,71758
1,40703,asian,19,female,96867
4,79343,other,4,female,41321
7,96811,asian,32,male,36074
8,31244,caucasian,27,female,28967
10,17008,african american,29,male,38266
2,33091,african american,32,female,74838
10,82912,african american,40,male,86071
9,29790,asian,50,female,52663
1,58042,caucasian,20,male,46316
1,13056,african american,14,female,50722
1,40725,hispanic,25,female,65389
1,67183,caucasian,13,male,80283
8,21247,hispanic,18,male,42966
2,83881,asian,11,female,54204
5,46971,hispanic,29,male,41899
1,15253,other,22,male,77699
5,26631,caucasian,23,female,30925
2,59566,other,60,male,24833
5,15308,other,36,male,79369
6,51154,caucasian,10,male,30604
3,55116,african american,49,female,44958
3,81853,hispanic,51,male,38657
8,41542,hispanic,54,male,32217
9,89214,asian,22,male,16377
4,78750,african american,42,male,49427
7,33590,caucasian,44,female,12341
3,61722,african american,36,male,53155
6,73205,other,57,female,73275
8,96070,caucasian,26,male,28726
9,34850,african american,53,male,55033
7,81332,hispanic,53,male,97568
5,95822,hispanic,11,female,83640
4,91115,other,10,female,31313
5,96501,caucasian,21,female,26465
2,73622,african american,59,female,63423
2,84722,african american,32,female,78589
10,95518,other,18,male,63941
6,77975,hispanic,18,female,19321
2,86273,asian,3,male,51492
9,94822,caucasian,41,male,95687
6,89700,hispanic,54,female,37937
2,96087,african american,12,male,71020
3,68823,other,10,male,31760
6,64922,caucasian,47,female,52966
4,19664,caucasian,8,male,84649
7,79575,african american,58,female,94447
9,48075,african american,10,female,48603
8,64803,african american,15,female,35796
5,23932,african american,3,male,33589
2,62375,hispanic,11,male,25962
9,50689,hispanic,9,female,20259
9,17249,other,2,male,20115
8,27193,asian,31,female,53289
2,19036,other,13,female,28607
9,20087,hispanic,57,female,63275
2,91590,caucasian,6,male,34491
9,48076,other,42,female,61358
6,66426,hispanic,25,male,41550
3,9307,asian,25,male,77304
9,19922,caucasian,22,male,69860
5,13910,caucasian,40,male,54334
7,51601,asian,43,male,18419
5,73639,asian,18,female,50401
1,70080,asian,47,male,39837
2,45693,asian,27,female,58298
8,25529,other,9,male,48869
4,73928,asian,11,female,42685
4,85840,african american,43,male,21669
3,55676,asian,29,male,94131
1,20982,asian,56,female,58266
10,29829,other,3,female,12573
4,82784,asian,10,male,45991
3,90204,african american,38,female,52523
6,56270,other,47,male,72833
2,39131,other,0,female,97522
3,14574,african american,34,female,56679
10,97075,asian,6,male,77047
6,10347,asian,24,female,55909
9,76226,other,1,male,39401
6,86004,other,1,male,56899
7,99661,other,19,male,31142
9,10943,asian,25,male,88296
1,36562,asian,51,female,75958
10,85445,caucasian,31,female,35127
3,64515,african american,39,female,66530
2,68575,african american,33,female,30840
3,73011,asian,48,female,75492
2,12644,hispanic,19,male,77483
2,20740,african american,34,male,28735
10,89937,african american,45,male,52822
2,39639,other,1,male,96187
10,94975,hispanic,27,male,36730
8,73718,other,30,female,78782
7,68948,african american,60,female,23423
6,21359,caucasian,19,female,67107
2,73621,hispanic,43,male,30717
8,26511,other,25,female,42032
3,59214,asian,19,female,98879
2,26453,asian,52,female,33521
8,21993,hispanic,40,male,54070
6,34602,asian,22,female,81413
6,56020,other,56,female,98947
2,38152,caucasian,46,female,94489
8,37383,hispanic,41,male,54907
3,99300,caucasian,28,female,49107
9,88354,other,15,male,75073
10,25919,other,32,female,32493
3,25633,hispanic,23,male,22345
10,17919,hispanic,22,female,10918
9,44636,other,24,female,40671
3,83755,caucasian,56,female,76639
5,86985,caucasian,3,female,59656
4,56701,hispanic,0,female,50460
7,95334,asian,44,female,88980
3,27423,hispanic,39,female,10083
8,40736,asian,52,male,16961
6,80582,african american,36,male,24803
9,61585,asian,41,male,46865
1,51344,asian,6,male,79588
8,19634,asian,3,male,85377
4,16707,caucasian,33,male,40355
8,55890,hispanic,52,female,85508
3,54124,other,16,male,87834
2,11002,other,31,female,57701
2,24297,african american,40,male,21840
2,45039,hispanic,56,male,30522
8,57557,asian,52,female,72931
4,50500,caucasian,5,female,22350
9,30365,african american,8,female,37955
2,18592,caucasian,17,female,82323
7,28757,asian,14,female,28652
1,16721,african american,10,male,56208
9,91749,asian,40,male,47932
6,45195,caucasian,54,female,31241
8,19241,caucasian,43,male,75049
7,10201,hispanic,47,male,74989
7,21038,caucasian,50,female,64527
7,32638,hispanic,31,male,18086
7,75735,asian,31,female,58905
9,61271,hispanic,19,male,15644
7,11493,other,8,female,19580
8,82268,caucasian,28,male,71878
1,26031,caucasian,39,male,48158
3,32789,african american,43,female,26799
6,52488,caucasian,28,female,48280
8,41368,african american,35,male,26742
1,86999,hispanic,22,male,13665
5,21595,hispanic,51,female,29926
5,19948,caucasian,59,female,78866
5,11654,hispanic,16,female,77941
2,57745,other,47,female,59539
6,10902,african american,57,female,21833
5,50295,asian,57,female,95265
6,53008,asian,39,female,91334
9,64652,caucasian,34,male,43532
7,95285,african american,51,male,19287
10,75676,hispanic,37,male,96039
5,78013,other,45,female,51893
6,78524,african american,53,female,15181
5,33242,hispanic,4,male,15478
10,38848,african american,48,male,42553
1,97656,asian,13,female,25275
10,51127,hispanic,9,female,67025
8,48630,caucasian,18,female,13646
8,79419,asian,21,male,17540
5,11930,asian,17,male,90248
8,83544,asian,38,male,33691
8,38246,hispanic,45,female,95343
1,91269,hispanic,44,male,20731
9,55186,african american,18,female,65249
6,21249,african american,37,male,44210
1,13384,african american,56,female,33816
1,43730,african american,35,female,78211
6,21871,african american,10,male,48201
5,38072,caucasian,58,female,36259
6,43207,african american,43,female,74624
7,43391,other,52,male,10950
10,98370,caucasian,45,female,64739
9,95122,caucasian,41,male,52943
1,26944,caucasian,18,female,72423
3,13037,caucasian,39,male,21020
9,40166,african american,54,male,82658
10,61468,caucasian,20,female,35105
8,64113,caucasian,57,male,20025
7,57696,african american,55,male,12861
3,19283,other,4,male,45380
2,27747,african american,25,male,78839
3,73107,caucasian,55,female,38170
7,45083,hispanic,43,female,48557
5,81360,caucasian,26,female,66901
9,82862,caucasian,50,female,83843
3,58073,african american,9,male,23407
2,26751,asian,7,male,71077
6,18485,caucasian,12,female,93207
2,76600,other,50,female,96793
6,64745,hispanic,35,female,65838
5,32715,other,18,female,64215
10,23840,hispanic,25,female,74366
3,77182,african american,19,female,80504
2,73918,caucasian,59,male,34771
6,85884,hispanic,43,female,92564
5,96763,african american,7,female,18816
5,49281,african american,28,female,71472
9,42793,other,3,female,22124
10,15211,asian,29,male,30537
5,27065,caucasian,44,female,35849
8,43150,hispanic,16,female,91818
7,85676,hispanic,13,male,10110
2,58603,other,24,female,25218
10,34853,caucasian,6,female,76212
6,62264,caucasian,55,male,54976
8,23655,asian,4,female,99570
9,86879,african american,12,male,60218
6,35456,other,11,male,23942
9,49687,hispanic,55,male,94760
8,92992,asian,41,male,73536
10,13441,african american,30,female,40709
2,86181,caucasian,59,male,95528
5,33796,other,3,female,34182
10,77854,caucasian,20,female,54273
4,31991,african american,42,male,20670
9,55682,caucasian,16,female,71156
3,10466,other,54,male,72198
5,27920,african american,40,male,90876
9,33273,other,55,female,12969
3,87974,african american,6,female,39083
6,31922,hispanic,51,male,77051
4,57593,hispanic,56,female,25805
8,34416,hispanic,31,male,76937
6,40024,other,41,male,77486
9,10772,other,56,female,85047
3,86960,african american,59,female,88382
4,34070,other,40,female,85647
8,16607,other,5,male,86250
4,60980,other,48,female,99538
2,27927,asian,48,female,40003
3,93397,asian,33,male,32895
7,23865,hispanic,28,male,42411
2,81781,african american,49,female,88266
1,17217,asian,42,female,55003
5,49030,caucasian,42,female,75135
1,99545,african american,51,female,49926
3,67680,asian,44,female,13920
5,36903,african american,49,female,37493
5,76973,asian,25,female,50581
2,71146,hispanic,46,male,33249
9,25569,hispanic,58,female,50602
3,93996,caucasian,11,male,53241
1,70642,african american,28,male,39996
2,93552,caucasian,37,male,39283
2,15578,caucasian,22,male,53693
7,67061,hispanic,41,male,73790
10,50775,african american,6,male,18478
9,93373,african american,23,female,65411
8,63178,african american,0,female,67496
2,19979,other,33,female,35252
4,62453,caucasian,45,female,52274
3,94430,other,50,female,16355
1,86876,african american,14,male,53706
2,95457,hispanic,24,male,80688
3,50421,hispanic,28,male,28943
7,26321,asian,15,female,15021
1,46704,hispanic,34,female,42600
9,14098,african american,30,male,63948
2,75325,hispanic,34,male,32348
2,74444,other,31,female,19342
10,30981,other,6,male,73300
5,51271,african american,1,female,39911
10,17868,african american,35,male,87534
1,91041,hispanic,5,male,20474
1,97209,hispanic,22,male,17116
4,51050,asian,8,female,14102
6,21033,caucasian,43,female,59244
4,35411,hispanic,60,male,99471
7,79337,hispanic,4,male,17622
5,10858,caucasian,48,female,79204
1,99242,hispanic,26,male,19701
7,44752,hispanic,24,female,83540
8,50095,hispanic,33,female,12409
2,71422,hispanic,12,female,88205
9,91624,other,5,male,75839
8,90231,other,43,male,48402
8,50583,other,20,male,12270
4,50333,hispanic,52,male,33696
10,56075,hispanic,60,female,80630
6,96402,asian,47,female,57263
10,71710,other,50,male,44909
3,29410,other,11,female,87062
7,77568,caucasian,36,male,56138
8,67880,african american,6,male,75203
7,14990,asian,12,male,90103
1,61855,african american,33,female,97774
5,15553,african american,6,male,99024
3,18532,asian,21,male,12235
10,56079,african american,33,female,55189
8,12807,caucasian,18,female,66151
6,56098,other,35,female,59982
2,68564,asian,52,male,84839
3,44197,asian,36,female,37081
1,79053,hispanic,41,male,39287
6,23877,hispanic,15,male,11431
2,83412,caucasian,19,male,37431
7,17044,caucasian,20,female,76940
1,71784,hispanic,24,female,92500
7,98631,african american,50,female,73881
1,21354,african american,20,male,26512
1,62984,african american,48,male,23000
1,27222,other,59,female,34449
4,57605,asian,45,male,73759
5,32422,hispanic,46,male,83599
6,83178,hispanic,42,male,91027
3,93587,hispanic,55,female,81639
8,75442,african american,41,female,87791
9,71155,hispanic,56,female,18312
10,83113,hispanic,49,female,64998
1,87914,asian,33,male,94638
1,37081,african american,46,male,42994
3,99376,other,18,female,85028
6,22260,hispanic,20,female,39683
7,19416,caucasian,51,male,36285
3,67765,caucasian,44,male,63044
7,18625,hispanic,5,female,30126
10,49289,african american,32,male,68969
7,95930,asian,34,male,80750
5,37215,caucasian,6,female,69888
6,72324,other,45,female,62011
4,84181,asian,10,female,67826
5,44018,hispanic,0,male,21704
2,55866,other,60,female,38097
5,76237,african american,58,male,86652
9,39511,african american,38,male,44232
6,10918,other,1,female,37186
4,87967,asian,38,female,27832
7,91761,other,45,male,91479
9,22874,caucasian,51,male,70127
1,89435,hispanic,19,female,29981
10,87189,asian,24,female,51556
5,15664,african american,1,female,47923
9,97094,african american,59,male,51248
1,89221,caucasian,13,female,51015
2,32011,african american,55,female,51723
7,41991,other,53,female,16798
4,24871,african american,46,male,71033
7,94671,asian,27,female,33287
5,87860,hispanic,29,male,65868
3,39447,hispanic,10,female,75487
3,69610,hispanic,22,male,82652
7,63042,asian,60,male,70636
1,10155,caucasian,51,male,17722
1,25552,african american,0,female,27134
1,37370,hispanic,43,female,86672
1,19308,other,33,female,85732
5,75787,caucasian,56,male,74744
5,43862,other,30,female,79603
4,81825,other,48,male,81850
2,79828,hispanic,51,female,79523
10,54789,hispanic,25,male,14508
5,74318,african american,4,male,69913
2,81467,hispanic,24,female,24083
2,93123,asian,30,female,22124
1,9752,african american,2,male,47104
6,83319,asian,51,female,78325
7,73767,hispanic,59,female,26507
3,72010,caucasian,42,female,78833
3,85632,caucasian,28,female,51224
1,12121,caucasian,16,female,20926
6,13555,asian,42,male,38826
9,59399,african american,54,male,16116
8,97717,asian,57,male,17426
6,57913,other,39,female,44874
7,14889,other,4,female,57542
5,39304,other,29,male,14673
10,25711,caucasian,0,female,82471
1,62603,african american,16,male,66078
8,92253,hispanic,11,male,34789
9,71161,african american,31,female,37732
3,86717,caucasian,30,female,12946
7,33725,hispanic,14,female,48351
2,57461,african american,18,male,31273
10,41093,asian,41,male,33061
5,73919,asian,20,male,82304
9,72955,hispanic,4,female,51070
8,61098,other,27,female,38303
10,49469,hispanic,56,female,59137
3,19482,other,22,male,19024
5,50971,hispanic,55,male,18117
3,66775,asian,54,male,61260
8,35696,other,27,male,65880
6,91242,african american,5,male,32156
10,22994,hispanic,28,female,44514
6,55172,other,47,female,13357
7,25067,caucasian,24,male,22781
8,32746,asian,16,female,69800
3,58048,african american,47,female,49630
4,23237,asian,40,male,68092
4,70632,hispanic,59,male,43732
4,99006,other,29,male,70598
4,43708,hispanic,4,male,84403
4,73865,asian,24,female,99031
4,15672,african american,16,male,44958
3,23391,african american,2,female,40368
5,69541,hispanic,16,female,50952
6,28315,hispanic,41,female,16208
3,17186,hispanic,51,male,17254
2,85900,african american,13,female,78078
3,39286,caucasian,39,male,70409
1,96183,african american,8,male,36848
5,85212,hispanic,7,female,17738
2,84736,other,24,male,71052
2,47920,other,12,female,28540
9,81499,caucasian,18,female,76068
7,87258,other,17,male,94131
3,56182,asian,24,female,30815
3,48144,asian,14,female,38354
7,19263,other,55,male,10821
5,90903,african american,15,male,38045
10,45775,other,59,female,23819
4,27330,african american,2,female,81937
9,49774,other,0,female,12212
5,95249,african american,5,female,20442
4,30129,caucasian,36,female,96472
2,22823,caucasian,42,male,60796
10,46054,asian,33,female,53571
10,61125,african american,39,female,38158
8,28399,african american,51,female,94242
3,9506,other,7,male,28077
4,57036,african american,36,male,22172
9,18926,other,8,female,97399
6,91043,hispanic,2,female,98390
10,18101,hispanic,1,male,95482
6,69801,hispanic,48,male,98701
4,14787,hispanic,55,male,91758
6,35769,other,5,female,57473
7,37143,asian,18,female,37720
9,68093,african american,40,female,85324
8,89460,hispanic,30,female,11057
2,17440,other,35,female,60326
3,70430,asian,5,female,86118
10,60539,other,5,male,16228
3,70329,other,21,male,36163
2,54265,african american,33,female,91191
8,89471,asian,54,male,39364
8,47386,asian,31,female,54722
5,71144,caucasian,7,female,14415
8,88898,other,48,female,53902
8,66687,other,16,female,70650
3,84202,african american,37,male,37722
1,77009,asian,15,female,18574
7,84027,hispanic,9,female,46980
9,92348,african american,9,female,73302
5,20532,asian,47,female,14379
6,89325,asian,51,male,76554
2,52343,asian,5,male,33383
5,99033,asian,15,female,32082
9,11533,other,12,female,22266
4,99990,caucasian,26,female,35956
5,21306,hispanic,23,male,45117
1,43329,other,45,female,17686
8,45756,caucasian,36,male,60141
10,68304,caucasian,13,female,37724
8,76852,african american,28,male,34171
3,12266,other,60,female,42670
4,70714,other,37,male,88080
6,95955,hispanic,4,female,33713
6,40968,african american,60,male,95261
5,22906,hispanic,39,male,66707
8,46963,asian,8,male,28452
3,22987,other,50,male,33786
10,67137,hispanic,37,female,43180
9,99778,hispanic,16,male,29745
